Korean,English
것,thing
하다,do
있다(자동사),There is (intransitive)
있다(보조동사),There is (auxiliary verb)
되다,become
수,number
하다,do
나,me
그,that
없다,does not exist
않다,not
사람,person
우리,we
이,this
그,that
아니다,no
보다,see
등,etc.
때,at the time
거,thing
보다,see
같다,same
주다,give
대하다,treat
가다,go
년,year
한,one
말,word
일,Day
이,this
때문,because
말하다,say
위하다,for
그러나,however
오다,come
알다,know
씨,Seed
그렇다,Yes
크다,big
또,also
일,Day
사회,society
많다,many
안,not
좋다,good night
더,more
받다,receive
그것,that
집,house
나오다,come out
따르다,follow
그리고,and
문제,problem
그런,that
살다,live
저,I
못하다,Can not do it
생각하다,Think
모르다,don't know
속,inside
만들다,make
데,place
두,two
앞,front
경우,case
중,middle
어떤,which
잘,well
그녀,she
먹다,eat
오다,come
자신,Myself
문화,culture
원,one
생각,thought
어떻다,how
명,number of people
통하다,pass
그러다,Then
소리,sound
다시,again
다른,different
이런,this
여자,female
개,dog
정도,degree
뒤,back
듣다,listen
다,all
좀,a little
들다,Hold
싶다,want
보이다,show
가지다,have
함께,together
아이,kid
지나다,pass by
많이,many
시간,hour
너,you
주다,give
인간,human
사실,actually
나다,grow
이렇다,It's like this
어머니,mother
눈,eye
뭐,what
점,dot
의하다,be due to
시대,era
다음,next
이러하다,It's like this
누구,who
전,jeon
곳,place
여러,several
안,not
하나,one
세계,world
버리다,throw away
위,stomach
운동,work out
퍼센트,percent
학교,school
자기,self
가장,most
대통령,president
가지,egg plant
들다,Hold
시작하다,start
바로,as soon as
어느,any
그래서,so
무엇,what
정부,government
모든,every
번,th
그거,that
돈,money
국가,nation
그런데,however
날,me
여기,here
모두,every
여성,female
친구,friend
마음,mind
후,after
가다,go
놓다,put
관계,relationship
아버지,father
남자,man
어디,where
몸,body
얼굴,face
들어가다,enter
왜,why
나타나다,appear
말다,roll
지역,region
다르다,different
모습,figure
물,water
만나다,meet
내다,Pay
보이다,show
쓰다,write
이것,this
없이,without
이번,this time
길,road
생활,life
쓰다,write
지금,now
뿐,only
사이,between
방법,method
새롭다,new
우리나라,our country
내다,Pay
앉다,Sit
처음,first
손,hand
몇,some
그때,at that time
과정,procedure
삶,life
갖다,have
찾다,find
특히,especially
시,city
이상,more
지금,now
나가다,go out
이야기,story
교육,education
사다,buy
경제,economy
아직,yet
잡다,Catch
같이,together
선생님,teacher
예술,art
서다,stand
못,pond
역사,history
읽다,read
이제,now
결과,result
내용,detail
물론,of course
동안,during
책,book
일어나다,wake up
당신,you
시장,market
넣다,Insert
중요하다,It is important
무슨,what
느끼다,feel
어렵다,difficult
힘,strength
너무,too
나라,country
부르다,call
의미,meaning
자리,seat
밝히다,clarify
죽다,die
이미,already
쪽,side
정치,politics
국민,nation
생명,life
얘기,talk
학생,student
연구,research
엄마,mom
이름,name
하나,one
내리다,get off
사건,Event
및,and
쉽다,easy
짓다,build
또한,also
이유,reason
또는,or
필요하다,need
글,writing
생기다,to happen
사용하다,use
남편,husband
들어오다,come in
밖,outside
세상,world
작다,small
타다,ride
대학,university
작품,Work
상황,situation
가운데,middle
보내다,let go
두다,put
즉,in other words
따라서,thus
상태,situation
이후,after
당시,at that time
문학,literature
더욱,More
아주,very
지방,province
밤,night
높다,high
최근,recent
채,stick
현실,reality
환경,environment
컴퓨터,computer
먼저,first
다니다,go
얼마나,how much
자체,itself
열다,open
머리,head
묻다,ask
남다,left
부분,part time job
기업,Enterprise
거기,there
변화,change
아들,son
뜻,meaning
아,ah
기다리다,wait
떨어지다,get off
선거,election
관하다,govern
그냥,just
나누다,divide
이용하다,use
거의,almost
곧,soon
중심,center
활동,activity
오늘,today
서로,each other
관심,interest
역시,also
이거,this
애,baby
광고,advertisement
나다,grow
방,room
정신,mental
이르다,early
땅,earth
이루다,accomplished
아침,morning
웃다,laugh
현상,phenomenon
두다,put
떠나다,leave
기술,technology
전체,entire
그래,okay
얻다,get
분,minute
아름답다,beautiful
끝,end
민족,people
간,liver
조사,inspection
듯,Seems like
입,mouth
뭐,what
그대로,as it is
영화,movie
필요,necessary
줄,line
하늘,sky
년대,decade
과학,science
듯하다,look like
자연,nature
정말,really
구조,structure
결국,at last
밥,rice
입다,put on
오히려,rather
프로그램,program
네,yes
이루어지다,come true
남,other
하루,day
그림,painting
적,enemy
터,place
마시다,drink
치다,hit
혼자,alone
나가다,go out
이제,now
교수,professor
술,alcohol
사랑,love
의식,Consciousness
전화,phone call
끝나다,end
돌아오다,Come back
맞다,right
아빠,dad
걸리다,hang
지키다,protect
한번,once
커피,coffee
가슴,chest
길다,long
바라보다,Look at
알아보다,Inquire
회사,company
맛,taste
대부분,mostly
산업,industry
매우,very
오르다,climb
음식,food
표정,expression
꼭,please
일부,part
요즘,recently
계획,plan
느낌,feeling
얼마,how much
고개,head
성격,personality
계속,continue
세기,century
세우다,set up
아내,wife
가족,family
현재,today
세,count
놓다,put
발전,Development
차,car
놀다,play
향하다,lean towards
관련,related
형태,form
각,each
도시,city
작업,work
분위기,atmosphere
그러하다,It is true
자기,self
나이,age
우선,first of all
믿다,trust
바꾸다,change
낳다,give birth
바,bar
정보,information
열리다,open
좋아하다,like
그리다,draw
만큼,as much as
배우다,learn
시,city
역할,role
옆,side
행동,action
어,uh
국내,domestic
비하다,compare
기관,Agency
입장,Entrance
만하다,be worth
예,yes
아래,under
방식,method
영향,effect
그럼,then
나서다,launch
흐르다,flow
저,I
깊다,deep
배,ship
내,my
모양,shape
산,mountain
새,bird
하지만,but
조건,condition
문,door
꽃,flower
단계,step
올리다,raise
그동안,Meantime
교사,teacher
갑자기,suddenly
넘다,exceed
지니다,carry
바람,wind
잘하다,Do well
마을,Town
어리다,young
대표,representative
가능성,Possibility
방향,direction
대회,Competition
목소리,voice
노래,sing
바다,ocean
힘들다,it's tough
공부,study
움직이다,Move
의원,lawmaker
노력,effort
못하다,Can not do it
전혀,at all
언니,sister
단체,organization
분,minute
알려지다,known
가능하다,possible
능력,ability
주장하다,assert
자식,child
돌리다,turn
불,fire
주민,citizen
모으다,collect
자료,data
존재,existence
학년,grade
신문,newspaper
가지다,have
이해하다,understand
제품,product
분야,Field
선생,teacher
돌아가다,return
사업,business
행위,Act
수준,level
지난해,last year
표현,expression
기분,mood
대,big
젊다,young
동시,The same time
옷,clothes
기능,function
순간,Moment
전쟁,War
전,jeon
꿈,dream
할머니,grandma
회의,meeting
방송,broadcast
이야기하다,talk
나무,tree
자다,sleep
연극,theater
오늘,today
마찬가지,same here
걷다,walk
노동,labor
이때,At this time
과거,past
가치,value
시간,hour
집단,group
현대,hyundai
살펴보다,take a look
장관,Minister
차이,difference
풀다,solve
시절,days
물건,thing
직접,directly
개인,individual
근데,however
발,foot
작가,author
효과,effect
불교,buddhism
끌다,drag
대로,Road
빨리,hurry
시작되다,begin
둘,two
말다,roll
설명하다,explain
우주,universe
시기,period
마치,like
살,fat
생산,production
바라다,hope
강하다,strong
경험,experience
음악,music
최고,best
나타내다,Express
아프다,sick
적다,little
비,rain
고향,hometown
놀라다,surprised
다양하다,Varies
울다,cry
농민,farmers
드러나다,emerge
은행,bank
지내다,stay
결혼,marriage
동생,Brother
법,law
소설,novel
예,yes
오후,afternoon
질서,law
담다,contain
모이다,gather
시민,citizen
회장,Chairman
빠르다,fast
스스로,self
아기,baby
아저씨,mister
옛날,A long ago
이날,On this day
제대로,properly
달,moon
던지다,throw
참,really
공간,space
이곳,this place
딸,daughter
마지막,last
벌이다,punish
병원,hospital
자세,posture
강조하다,Emphasize
경찰,police
맡다,take on
저녁,dinner
한편,Meanwhile
그러면,then
기자,reporter
넓다,wide
시험,test
잠,sleep
주로,mostly
훨씬,more
면,noodle
통일,unity
들어서다,enter
건강,health
가깝다,close
건물,building
시설,facility
외국,foreign country
밑,bottom
어른,Adult
주변,around
대신,instead
원인,cause
팔다,sell
차례,order
군,army
열심히,try hard
일하다,work
재산,property
조금,little
팀,team
부모,parents
약간,a little
언어,language
요구하다,request
올라가다,Go up
첫,first
감독,director
그날,that day
사실,actually
자주,often
당하다,encounter
삼다,make
약,approximately
기간,period
담배,cigarette
일으키다,Raise
일단,first
할아버지,grandfather
조직,group
태어나다,bear
공장,factory
벌써,already
즐기다,enjoy
지,ji
환자,patient
변하다,change
사고,accident
그래도,still
아무리,no matter how
맞추다,set
쌀,rice
일반,common
재미있다,It is interesting
가르치다,teach
대화,conversation
막다,block
올해,this year
형,brother
달리,unlike
버리다,throw away
붙이다,attach
인물,Character
늘,always
모두,every
전국,Nationwide
마치다,finish
전,jeon
다만,but
도움,help
가정,home
걸다,bet
빠지다,fall
멀다,far
버스,bus
오늘날,Today
잠시,for a moment
농업,Agriculture
대다,put
식,ceremony
의견,opinion
무대,stage
사진,picture
주장,opinion
표현하다,express
인하다,cut
이상하다,weird
제일,most
붙다,pass
아마,maybe
얘기하다,talk
잇다,connect
조금,little
경기,game
목적,purpose
태도,attitude
남성,male
주위,around
대책,Measures
그만,stop
발생하다,to occur
다리,leg
아무,any
어쩌다,somehow
재료,ingredient
각각,each
결코,never
옮기다,move
항상,always
해,sun
잃다,lose
자유,freedom
책임,responsibility
바뀌다,change
비슷하다,similar
심하다,Severe
경쟁,compete
달러,dollar
사랑하다,Love
아니,no
여름,summer
자라다,grow
회,episode
구체적,detailed
기회,opportunity
실시하다,Enforce
지구,earth
번째,th
소비자,consumer
싫다,hate
규모,Scale
기준,standard
말,word
반드시,certainly
셈,count
갖추다,possess
그러니까,therefore
받아들이다,accept
값,value
현장,site
건설,erection
꺼내다,take out
노동자,worker
동네,town
언제나,always
완전히,completely
자동차,automobile
전하다,impart
존재하다,Exist
개월,month
맞다,right
별로,not really
어린이,children
정하다,decide
한마디,one word
유지하다,maintain
이데올로기,ideology
공부하다,study
대중,public
늘어나다,increase
닦다,To Wipe
만,only
말씀,words
괜찮다,Okay
눈물,tear
각종,various
빛,light
아니,no
피하다,avoid
거치다,pass through
나아가다,go forward
야,hey
지식,knowledge
현재,today
여전히,still
주인,master
발견하다,Discover
선,line
인류,humanity
특징,characteristic
드리다,give
선수,player
형식,form
마련하다,prepare
반,half
발표하다,announce
주제,subject
걸치다,cover
겪다,experience
관점,aspect
귀,ear
기본,basic
미터,Meter
사라지다,disappear
어떠하다,How is it?
감정,emotion
기억,memory
놈,bloke
인기,popularity
배,ship
아파트,apartment
가끔,sometimes
구성,composition
술,alcohol
실제로,actually
짧다,short
고맙다,thanks
관리,management
그곳,there
달다,Sweet
보다,see
비롯하다,originate
과연,indeed
들리다,hear
달리다,run
바쁘다,busy
이전,before
인정하다,recognize
자,ruler
중앙,center
나쁘다,bad
불구하다,to be disabled
시키다,make someone do
게임,game
국제,International
그룹,group
인생,life
전통,tradition
기르다,cultivate
잔,glass
조사하다,Investigate
커다랗다,It's big
있다,there is
시인,poet
언제,when
외,except
평가,evaluation
내려오다,go down
위치,location
줄이다,reduce
가격,price
달라지다,to be different
비다,be empty
삼국,Three Kingdoms
손님,customer
원하다,want
통신,communication
확인하다,check
모임,class
수,number
아무,any
웃음,laugh
기계,machine
모양,shape
물질,matter
아나운서,announcer
뉴스,news
살아가다,live
펴다,Spread
배,ship
수업,class
겨울,winter
종교,religion
층,floor
자연스럽다,natural
장,page
돌다,spin
식사,meal
안다,know
이해,understanding
잊다,forget
제시하다,present
반,half
불과하다,It's just a little bit
혹은,or
엄청나다,tremendous
편,side
텔레비전,television
파악하다,Seize
편,side
실천,implement
노력하다,try hard
보호,protect
씻다,wash
한편,Meanwhile
늦다,late
이웃,neighbor
편지,letter
공동,public
까닭,reason
방안,measures
센티미터,centimeter
팔,eight
분명하다,Obvious
분석,analyze
소녀,girl
지나가다,Pass by
차,car
상품,Goods
설명,explanation
훌륭하다,excellent
관계자,Officials
새로,New
세,count
이어지다,be connected
티브이,TV
봄,spring
종류,type
낮다,low
어깨,shoulder
지적하다,Point out
부부,married couple
오래,long time
요구,request
키우다,grow
눕다,lay down
발달하다,develop
발전하다,develop
여행,travel
죽음,death
고통,pain
등장하다,appear
공,ball
듯이,as if
어울리다,comport
오월,May
쉬다,rest
알리다,inform
차다,cold
과,class
멀리,far
빼다,remove
예정,expected
오빠,brother
즐겁다,fun
한계,Limit
흔히,Often
바탕,background
사월,April
싸우다,fight
언제,when
예쁘다,pretty
갈등,conflict
느껴지다,feel
의지,will
전문,specialty
정확하다,Accurate
초기,Early
나중,later
등,etc.
맛있다,it's good
며칠,few days
신경,nerve
찾아오다,come to
미,mi
사용,use
시선,Sight
아무런,nothing
언론,Press
투자,invest
지원,support
결정하다,decide
경영,management
목표,target
성장,growth
숲,forest
없어지다,Run out
작년,last year
내려가다,go down
떠오르다,fly
미치다,crazy
새벽,dawn
쓰레기,trash
얼른,hurry
임금,wage
피해,damage
한,one
무섭다,scary
직장,rectal
참다,suppress
크기,size
고기,meat
남기다,leave
서양,Western
주요,main
지나치다,go too far
가져오다,Bring
냄새,smell
부드럽다,soft
여기다,It's here
이,this
공연,show
남녀,men and women
내놓다,put out
떼다,cut
만들어지다,Made
속도,speed
심각하다,Serious
준비,preparation
계속되다,continue
구월,September
맑다,clear
소년,boy
소식,News
유월,June
작용,Action
허리,waist
골,goal
공업,industry
그중,among them
노인,old man
벌다,Earn
살리다,save
새,bird
영어,english
출신,Native
결정,decision
경향,tendency
기록,record
나름,depending on
대답하다,Answer
반면,On the other hand
썰다,chaff
움직임,movement
이미지,image
터지다,To explode
특성,characteristic
교장,Principal
벗다,take off
업무,work
입시,entrance exam
준비하다,prepare
청소년,Teenager
돕다,help
응,huh
이기다,win
찾아보다,To look for
취하다,drunk
다루다,Deal with
달,moon
사장,CEO
삼월,March
그렇지만,but
선배,senior
업체,company
키,key
구하다,get
국회,Congress
그러므로,therefore
포함하다,include
걱정,worry
결혼하다,Get married
만약,if
바르다,Cover
세월,time
숨,breath
행사,event
깨닫다,realize
누나,sister
신,god
왕,king
점점,getting more and more
질문,question
특별,Special
판단,judgment
해결하다,solve
거리,distance
계속하다,Continue
그치다,stop
근처,around
너무나,too
높이다,heighten
부정,denial
사정,circumstances
도대체,why
막,membrane
부모님,parents
수출,Export
계시다,be there
그,that
자르다,cut
데리다,be accompanied
마리,number of animals
무척,very
비용,expense
비행기,airplane
옳다,right
원래,usually
처리,process
최초,the first
꼴,form
놀이,play
뜨겁다,hot
뿌리,root
수입,income
초,candle
그리하여,therefore
낮,afternoon
일찍,early
직원,employee
찍다,hew
가볍다,light
내부,interior
다소,a little
상대,opponent
오전,morning
피부,skin
가게,store
가득,full
그저,just
도,do
벽,wall
장군,General
무역,Trade
부담,Burden
약속,promise
인사,greeting
줄,line
쳐다보다,To look at
충분히,enough
대,big
신체,body
에너지,energy
위원,commissioner
정리하다,organize
집안,house management
배경,background
죽이다,To kill
단순하다,simple
반대,the opposite
법칙,Rule
빠지다,fall
소금,salt
오염,pollution
자전거,bicycle
참여하다,participate
탓,fault
푸르다,blue
그래,okay
목,neck
발표,presentation
범죄,crime
위,stomach
흔들다,shake
기초,basic
논리,logic
드라마,drama
뽑다,select
피우다,smoke
감각,sense
미리,beforehand
부족하다,lack
인사,greeting
저희,we
진행되다,progress
교통,traffic
기구,machine
법,law
오랜,long-time
젊은이,young people
후보,candidate
거리,distance
과제,assignment
근거,reason
기록하다,Record
다가오다,to come closer
불다,blow
시각,Time
이끌다,lead
종합,Synthesis
한글,korean
가을,autumn
개발하다,develop
내일,tomorrow
떨다,shiver
매일,everyday
손가락,finger
수단,method
자,ruler
자유롭다,free
적극적,active
판매,sale
형성,formation
기울이다,tilt
길이,length
장면,scene
점차,gradually
톤,ton
관련되다,It is related
급,class
나머지,remain
날씨,weather
더불다,together
동물,animal
의사,doctor
개방,Opening
건강하다,healthy
미래,future
앞서,previously
여러분,everyone
왜냐하면,because
인구,population
기대하다,expect
네,yes
도착하다,arrive
병,party
소프트웨어,software
흘리다,spill
반응,reaction
주인공,Hero
당연하다,Of course
따뜻하다,warm
따로,separately
비판,Criticism
빌리다,borrow
세대,Generation
축구,soccer
형님,older brother
놓이다,go
당장,right now
무렵,Around the time
밝다,bright
사물,objects
일반적,In general
장소,location
곱다,pretty
바닥,floor
새끼,young
생각되다,think
서비스,service
선택하다,Choose
심다,plant
적다,little
코,nose
간단하다,Simple
고등학교,high school
공개,open
교실,classroom
스스로,self
견디다,Endure
기사,article
막히다,blocked
매체,media
별,star
복잡하다,complicated
뿌리다,spread
영역,area
체험,experience
구속,Restriction
때로,sometimes
어쩌면,perhaps
극복하다,Overcome
불법,illegal
비밀,secret
색,color
쓰이다,serve
일정하다,constant
다지다,mince
밝혀지다,come to light
아까,a moment ago
알맞다,fit
이념,ideology
희다,white
가리키다,point out
모시다,deify
발달,develop
수많다,There are countless
잘못,wrong
치르다,pay
평화,peace
공사,construction
돌,rock
똑같다,same
박사,doctor
성,castle
전문가,expert
단지,only
말씀하다,speak
무용,dancing
불리다,be called
싸움,fight
자꾸,repeatedly
차리다,prepare
해외,Overseas
그리,picture
뜨다,to rise
문화재,Cultural Heritage
미소,smile
보통,commonly
식당,restaurant
의미하다,mean
이래,since
체육,Athletic
구성되다,consist of
독특하다,special
땀,sweat
사례,example
소개하다,introduce
잘되다,blend
추진하다,carry forward
칠월,July
틀,frame
평균,average
훈련,training
흐름,flow
십이월,December
쌓이다,To stack up
이익,profit
쥐다,hold
게다가,furthermore
끓이다,boil
논문,thesis
멈추다,Stop
사용되다,be used
오랫동안,for a long time
위기,Danger
정당,party
종이,paper
찾아가다,to go look for
폭력,violence
혹시,if
늘다,gain
양,sheep
절차,procedure
진짜,really
계시다,be there
공기,air
닿다,reach
물론,of course
속하다,Belong
올림픽,Olympic
이외,Other than
재미,fun
제공하다,provide
증가하다,Increase
기대,expectation
떡,rice cake
식물,plant
옛,ancient
외치다,shout out
적어도,At least
편하다,relaxing
평,pyeong
권리,right
끝내다,finish
대답,answer
시작,start
어려움,difficulty
일주일,one week
자원,resource
춤,dance
넘기다,to pass over
드리다,give
물체,object
분명히,clearly
시위,demonstration
아무것,nothing
온,on
젖다,get wet
제외하다,Except
최대,maximum
평소,usually
견해,View
깨끗하다,Clean
농사,farming
더구나,Moreover
안정,stability
어둠,darkness
어둡다,dark
어쨌든,anyway
주택,house
고장,breakdown
관련하다,relate
눈길,line of vision
물어보다,ask
미안하다,sorry
밀다,Push
스트레스,stress
음,hmm
인사,greeting
주어지다,given
고려하다,consider
과일,fruit
널리,extensively
농촌,Rural
올라오다,come up
챙기다,take
고르다,choose
바르다,Cover
벌어지다,open up
소재,Material
전망,View
포기하다,give up
형성되다,formed
고치다,fix
그림자,shadow
눈,eye
다하다,fulfill
마침내,Finally
비교하다,compare
시월,October
커지다,grow big
한쪽,pair
검사,test
결론,conclusion
들이다,admit
맡기다,entrust
박물관,museum
소문,rumor
싣다,load
쌓다,stack
어서,hurry
자녀,children
제목,title
짓,act
판결,verdict
팔월,August
하얗다,White
희망,hope
가방,bag
군대,army
그만큼,that much
무어,moore
비로소,for the first time
상대방,opponent
서구,Western
소유,possession
시골,countryside
실수,mistake
잘못되다,go wrong
치료,therapy
폭,width
호,like
내밀다,hold out
맞다,right
부문,sector
시리즈,series
임신,pregnancy
잡히다,be caught
해,sun
규정,Rule
그램,gram
밭,field
분석하다,Analyze
식구,family
아예,At all
어찌,How
울리다,make cry
작용하다,Apply
확실하다,It is certainly
개선,improvement
그릇,bowl
글자,letter
바람직하다,desirable
연구하다,Research
착하다,kind
개,dog
라디오,radio
마련,prepared
부동산,real estate
신화,mythology
양,sheep
점,dot
직업,job
거두다,reap
방학,vacation
범위,range
조상,Ancestor
철학,philosophy
검다,black
곁,neighborhood
근본적,fundamental
너희,you guys
대형,large
따다,Pick
문제점,problem
본격적,In earnest
불가능하다,impossible
인제,Inje
충격,Shock
퍼지다,spread
금방,soon
남쪽,South
누르다,Press down
미술,Art
백성,the people
상당히,Pretty
색깔,Color
요리,cooking
유명하다,Famous
자네,you
기,energy
꽤,fairly
서로,each other
외국인,foreigner
한참,long time
군사,Military
끊다,Quit
넘어가다,skip
담기다,put in
마당,yard
부인,ma'am
서두르다,hurry
지적,Point out
짝,match
참으로,Indeed
충분하다,Suffice
기쁘다,happy
뛰다,run
숙제,homework
앞두다,take the lead
예산,budget
온갖,all kinds
우려,concern
우산,umbrella
기쁨,pleasure
깊이,depth
꾸미다,decorate
늘리다,increase
무릎,knee
발견되다,discovered
보호하다,Protect
시스템,system
이용,Use
지난달,last month
지르다,kick
참여,Participation
걸음,step
겨우,barely
마르다,dry
비교적,Comparative
애쓰다,whittle away
올바르다,correct
책상,table
춥다,cold
흔하다,common
높아지다,get higher
늙다,old
단위,unit
둘째,second
뛰어나다,outstanding
무겁다,heavy
바람,wind
상상,Imagination
소득,income
수도,capital
역,station
인식하다,Cognize
자,ruler
침대,bed
권,volume
뜨다,to rise
맺다,form
수요,demand
스타,star
시계,clock
입술,Lips
잎,leaf
중간,middle
지도자,Leader
천천히,slowly
구성하다,Make up
대체로,generally
때리다,hit
몹시,Heavily
문득,suddenly
스포츠,sports
위원장,Chairman
저기,excuse me
특별하다,special
효과적,effective
가까이,closely
낫다,better
넘어서다,overcome
볶다,To fry
생산하다,Produce
언젠가,someday
예술가,artist
의도,Intent
저지르다,commit
줄어들다,decrease
가만히,Still
건,case
교회,church
대개,mostly
외부,Out
한두,one or two
한때,onetime
화,fury
흙,soil
가난하다,poor
고객,customer
과학자,Scientist
관광,tourism
살아오다,live
상대적,relative
수술,surgery
식품,food
연기,performance
일월,January
조,article
첫째,first
회원,member
도서관,library
들려오다,hear
조금씩,gradually
조미료,Condiment
풀리다,Relent
강력하다,powerful
들여다보다,look into
마늘,garlic
선물,gift
습관,habit
아주머니,madam
위험,danger
지하,underground
활용하다,utilize
가꾸다,cultivate
고민,worry
떠올리다,recall
맨,man
법률,law
상처,wound
좁다,narrow
지하철,subway
집다,nip
현,hyeon
화면,screen
군,army
대표적,representative
만일,if
사회적,social
생겨나다,arise
이어,Following
주부,housewife
진리,truth
태양,sun
틀림없다,It's definitely true
프로,Pro
피다,Blossom
공급,supply
도로,road name
동료,colleague
잘못,wrong
지다,lose
채우다,Fill
균형,balance
기본적,basic
부족,lack
사무실,office
이월,carried over to
일요일,sunday
접근,Access
지켜보다,Watch
개성,Individuality
달리다,run
더하다,add
띄다,stand out
무너지다,fallen
보통,commonly
쓰다,write
이러다,Like this
일어서다,get up
죄,crime
참,really
총장,president
핵심,main point
후반,second half
단순히,simply
달려가다,run
방문,visit
불만,dissatisfaction
불편하다,inconvenient
실제,real
종,bell
피,blood
강,river
관객,audience
동작,movement
뜻하다,mean
막,membrane
밀리미터,millimeter
비싸다,expensive
숫자,number
열,heat
왼쪽,left
중세,Middle Ages
택시,taxi
통합,integrated
계산,calculate
꼬리,tail
놀랍다,surprising
양식,form
예전,Previous
저,I
전기,electricity
주식,stock
틀리다,wrong
끊임없이,endlessly
모델,Model
붓다,pour
상식,Common sense
상표,brand
시원하다,Cool
아니하다,No
어디,where
의식하다,be conscious
고모,aunt
궁금하다,I'm curious
둘러싸다,surround
딱,Just
뛰다,run
민주화,democratization
보도,sidewalk
살피다,watch
않다,not
약하다,weak
잘못하다,do wrong
잡지,magazine
거부하다,reject
공무원,public official
그만두다,Quit
댁,Dak
반갑다,nice to meet
부족,lack
실시,practice
운명,fate
재정,finance
차라리,rather
학자,Scholar
다녀오다,come back
달다,Sweet
대규모,Large-scale
동,dong
민간,private
법원,court
비디오,video
사실상,virtually
아끼다,grudge
이쪽,this way
지대,belt
판단하다,Judge
행복하다,happy
굽다,bake
기름,Oil
실천하다,practice
쏟아지다,pour out
연습,practice
오른쪽,right
용어,Terms
익히다,to cook
지도,map
지위,status
풍부하다,rich
화장실,restroom
기억하다,remember
식량,food
실험,Experiment
용기,courage
토론,debate
고급,advanced
고생,hardship
미치다,crazy
밟다,to step on
상당하다,considerable
섞다,combine
수석,top
없애다,Delete
이뤄지다,come true
적절하다,It is appropriate
정상,normal
제사,ancestral rites
주말,weekend
지혜,wisdom
참새,Sparrow
화장품,cosmetics
굵다,thick
깨끗이,clean
낡다,old
내년,next year
농산물,Agricultural products
눈앞,Before your eyes
대학생,College student
방문하다,Visit
붉다,red
사고,accident
순서,order
아무래도,I guess
연구소,laboratory
올,all
위대하다,great
이사,move
지배하다,rule
틈,aperture
가령,chamberlain
거대하다,It's huge
닫다,close
드물다,rare
들르다,drop in at
매달리다,hang on
생일,birthday
섬,island
이하,below
참석하다,Attend
토대,foundation
해결,solve
행복,happiness
걸어가다,walk
근로자,Employee
글쎄,well
목숨,life
백화점,department store
변화하다,change
병,party
빠져나가다,get out
안녕하다,hello
여론,public opinion
의복,cloth
체조,Gymnastics
출발하다,Depart
현실적,realistic
화제,issue
결정되다,be decided
고양이,cat
공격,attack
물가,price
민주주의,democracy
불안,unrest
소중하다,precious
여유,spare
의문,question
중학교,middle School
킬로미터,kilometer
파도,tide
흰색,White
가수,singer
단,step
방송국,Broadcast stations
빛나다,shine
숨다,hide
실리다,be loaded
압력,enter
예금,Deposit
예상되다,expected
입학,Admission
증권,stock
직후,Immediately after
차량,vehicle
출산,delivery
물다,bite
선진국,Developed countries
약,approximately
어느새,Suddenly
재판,trial
저쪽,there
제자,student
창문,window
초,candle
치즈,cheese
회복,recovery
구역,area
대응,react
반대하다,Oppose
발휘하다,exert
소비,Consumption
심장,heart
아이고,oh my
조용히,quietly
중소기업,small business
직접적,direct
진실,truth
필자,writer
협력,Cooperation
가스,gas
계층,hierarchy
구멍,hole
담당,in charge
만화,comic book
먹이다,batten
무시하다,ignore
보도하다,report
살짝,a little
생각나다,come to mind
우유,milk
인상,impression
차갑다,cold
철저하다,thorough
태아,fetus
관찰하다,Observe
괜히,in vain
끼다,Put on
날개,wing
녀석,guy
눈빛,a look
단지,only
두르다,borrow
드디어,at las
물속,underwater
민주,democracy
성공하다,Succeed
소나무,pine tree
여기저기,Here and there
여인,woman
운영하다,operate
평가하다,evaluate
표,graph
필요성,Necessity
감추다,hide
머무르다,stay
모,what
부위,part
비우다,vacate
설치하다,install
십일월,November
싸다,cheap
아울러,together
지시,instruction
형성하다,form
형제,sibling
화려하다,Gorgeous
거울,mirror
덧붙이다,add
딴,different
몇몇,some
무기,weapon
세계적,worldwide
안전,safety
양파,onion
이상,more
일종,kind of
처지,situation
촬영,filming
타다,ride
틀다,turn on
형편,circumstances
가지,egg plant
감다,reel in
고추,pepper
규칙,rule
본질,nature
비치다,hint
빵,bread
서서히,slowly
스승,teacher
신분,Identity
실시되다,carry out
아마도,maybe
안방,Inner room
앓다,be ill
어제,yesterday
오직,Only
위험하다,Dangerous
자신,Myself
잠시,for a moment
졸업하다,graduate
증거,evidence
초점,focus
포함되다,to be included
호랑이,tiger
강화하다,Reinforce
공포,fear
권위,authority
덜,less
둥글다,round
미루다,Postpone
본래,originally
부엌,kitchen
세금,tax
실정,actual circumstances
영양,nutrition
육체,flesh
입구,Entrance
잔뜩,loads
적극,actively
최소한,at least
펼쳐지다,unfold
경험하다,Experience
그이,He
넘치다,spill over
놓치다,to let go
대기,atmosphere
독립,Independent
돌아보다,look back
또다시,Again
머릿속,in my head
북쪽,North
불안하다,Unstable
쇠고기,beef
위반,violation
주,main
카드,card
평생,forever
해당하다,correspond to
간부,Cadre
관념,concept
굉장히,greatly
단어,word
덮다,cover
도와주다,help
도입,introduction
몰다,drive
배우,actor
비추다,irradiate
신발,shoes
알,egg
앞서다,precede
여건,conditions
오래전,lang syne
자격,Qualification
통제,control
계단,stairs
김치,kimchi
끄덕이다,nod
낯설다,strange
높이,height
닮다,Resemble
마음속,In my heart
못지않다,It's no less
반영하다,Reflect
뼈,bone
성장하다,grow up
소속,belong
연결되다,connected
장사,Sale
제작,produce
제한,limit
차다,cold
추진,propel
취하다,drunk
콩,bean
한숨,sigh
헤어지다,break up
구입하다,Buy
날다,fly
너머,beyond
동기,motivation
마련,prepared
살,fat
선장,Captain
설탕,sugar
순수하다,pure
스타일,style
시점,point of view
싸다,cheap
의사,doctor
집중,Concentration
코드,code
큰일,big deal
거짓말,lie
대단하다,amazing
대단히,very
마주,face to face
세계관,world view
어제,yesterday
온통,all
의존하다,be dependent
자세히,Details
점심,lunch
정확히,exactly
지치다,exhausted
청년,youth
혀,tongue
확대하다,to enlarge
후춧가루,black pepper
건설하다,Build
경쟁력,Competitiveness
마침,Finish
신용,credit
연락,Communication
온몸,whole body
정,affection
정신적,mental
증상,Symptom
출연하다,appear
칼,knife
한꺼번에,At the same time
강제,compulsion
건너다,to cross
깨다,wake up
낚시,fishing
다가가다,Go closer
뛰어들다,jump in
문자,message
묻다,ask
비롯되다,originate from
슬프다,sad
신부,priest
여겨지다,be considered
오징어,calamari
요금,fee
용돈,Pin money
위주,mainly
음료,beverage
의자,chair
전자,former
전해지다,pass down
전환,transform
지경,Jigyeong
진행,progress
카메라,camera
통증,ache
편리하다,convenient
하천,River
현금,cash
화학,chemistry
활발하다,It is actively
가리다,blind
거칠다,crudity
그나마,At least
그야말로,Literally
껍질,skin
남부,Southern
명령,Command
몰래,stealthily
무조건,must
반장,Class monitor
부근,vicinity
선택,select
역사가,historian
연구자,researcher
연기자,actor
워낙,So much
정리,organize
조그맣다,It's small
줄기,stem
찾아내다,find out
토요일,Saturday
경찰관,police officer
권하다,recommend
극장,theater
끝내,Finished
대문,main door
더욱이,Furthermore
별도,Separately
비극,tragedy
솜씨,workmanship
시내,downtown
신,god
실내,inside
쏟다,pour out
연결하다,Interlink
외교,diplomacy
주머니,pocket
계약,contract
과장,exaggeration
극,pole
나란히,side by side
다방,coffee house
부끄럽다,I'm embarrassed
성공,success
수행하다,Conduct
신청,application
실로,Indeed
아픔,pain
알아듣다,understand
약간,a little
연기,performance
이동,movement
인연,Destiny
일행,party
지도,map
지식인,intellectual
진지하다,Serious
치다,hit
호흡,Breath
흔들리다,Oscillate
근본,fundamental
기온,Temperatures
날아가다,fly away
많아지다,increase
바위,rock
버릇,Habit
비판하다,criticize
빨갛다,It's red
세워지다,erected
술집,bar
쉬다,rest
오랜만,Long time no see
일부러,on purpose
전체적,overall
절반,half
접근하다,draw close
편안하다,It is comfortable
풍경,sight
확실히,surely
흩어지다,scatter
갈다,Sharpen
교류,A.C
글쓰기,writing
기후,climate
내내,all the time
대기업,major company
대응하다,react
도구,equipment
매력,attractiveness
백,hundred
보험,insurance
부럽다,i envy you
부장,Director
섞이다,be mixed
소,cow
심리,trial
심정,feeling
쏘다,shot
아줌마,Madame
위치하다,to be placed
이룩하다,achieve
이틀,Two days
전달하다,deliver
정말로,really
추다,dance
켜다,turn on
코너,corner
행동하다,Act
형사,detective
희곡,drama
감동,moved
공항,airplane
군인,soldier
굳이,Why?
그늘,shade
급하다,in a hurry
달걀,egg
대중문화,popular culture
마련되다,prepared
마루,Floor
무게,weight
물기,bite
성적,sexual
솔직히,to be honest
시도하다,Attempt
아니요,no
예절,etiquette
인상,impression
인터넷,Internet
적용하다,apply
전통적,traditional
참가하다,participate
치마,skirt
친척,Relative
특정하다,specific
호텔,hotel
경계,boundary
공식,official
그다지,very
긴장,nervous
깎다,cut
다리,leg
따라가다,to follow
머물다,stay
명예,honor
뱃사람,seafarer
부처,Buddha
숙이다,bow down
아가씨,miss
온도,temperature
이마,forehead
절대로,never
지붕,roof
지원하다,apply
진짜,really
짙다,It's dark
창밖,outside the window
청소,cleaning
침묵,silence
텍스트,text
표면,surface
햇살,sunlight
객관적,objective
걱정하다,Worry
경제적,economical
구름,cloud
구석,corner
끄다,turn off
담당하다,It is responsible for
둥지,nest
벗기다,peel
부대,army unit
불빛,fire
서클,circle
시청자,viewers
실체,substance
엄격하다,strict
완벽하다,It is perfect
완전하다,complete
절,I
종업원,Employee
증가,increase
출연,Appearance
학기,semester
한동안,for a while
후기,review
계절,season
만지다,touch
목사,minister
바늘,needle
버티다,Withstand
부,wealth
분포하다,distribute
비중,importance
수입,income
아이디어,idea
양쪽,both side
예컨대,for example
운동장,Playground
전개,deployment
접촉,contact
짐,load
풀,grass
해마다,year after year
후배,Junior
휴가,vacation
경기,game
계곡,Valley
국회의원,member of Congress
다투다,contend
도저히,No way
뻗다,stretch
생활하다,live
솔직하다,honest
안타깝다,Regretful
앞장서다,take the lead
요청하다,request
이르다,early
일치하다,Coincide
젓다,row
정치권,politics
처녀,Virgin
축제,festival
터뜨리다,explode
학습,learning
개발되다,developed
높이,height
당연히,of course
대비하다,Be ready
동쪽,East
떨리다,nervous
마구,harness
만남,meeting
미디어,media
복도,corridor
수상,Awards
쓰러지다,Fall down
영상,video
영혼,soul
운전사,driver
자랑스럽다,proud
잠깐,for a moment
적당하다,It is suitable
적용되다,apply
주,main
지속적,constantly
진행하다,progress
차별,discrimination
곳곳,everywhere
구분,division
금지,prohibition
내지,inside
달려오다,run
둘러보다,Look around
분노,anger
비교,comparison
소위,ensign
스치다,lick
역사적,classic
열차,train
요즈음,these days
유난히,Especially
의무,duty
잃어버리다,lose
잠깐,for a moment
잠들다,fall asleep
정식,Formally
조용하다,quiet
즉시,immediately
최선,best
탑,tower
한복,Han bok
활동하다,To be active
건축,construct
귀엽다,cute
답답하다,frustrated
당황하다,Panic
동일하다,same
떨어뜨리다,To drop
똑같이,same
라면,ramen
말,word
밀가루,flour
바깥,outside
바지,pants
벌리다,be profitable
보고서,report
보관하다,store
부딪치다,bump into
빨래,Wash
상하다,rot
설치,installation
식용유,cooking oil
싫어하다,Dislike
업종,Sectors
연출,Production
테이블,table
트이다,open
피곤하다,I'm tired
한국어,korean
한자,chinese character
겁,cowardice
관리,management
국제화,internationalization
근육,muscle
깔리다,be crushed
사전,dictionary
산소,Oxygen
석유,oil
소리치다,to yell
시,city
신선하다,fresh
안경,glasses
약속하다,Promise
연합,Union
인격,personality
장,page
적,enemy
조심하다,Be careful
질,quality
찌르다,stab
책임자,responsible person
총,gun
취미,hobby
표,graph
품목,item
확대되다,enlarge
거실,living room
논,rice paddy
덥다,hot
둘째,second
바보,fool
별,star
보람,Reward
부작용,side effect
비난,criticism
신고,Declaration
야구,baseball
어떡하다,What should I do?
예상,expectation
위협,Threat
이,this
이상,more
잠기다,sink
주고받다,give and take
주먹,fist
지지,support
털다,whisk
경고,warning
공개하다,Open to the public
과목,subject
구경,caliber
그분,Him
근무,work
논쟁,arguement
달아나다,run away
묶다,tie
성명,name
소스,sauce
수십,dozens
신다,put on
우리말,Korean
유교,Confucianism
이불,bedding
이성,Sane
일상,daily
자동,automatic
장래,future
전개되다,unfold
죄송하다,sorry
중요성,importance
크다,big
탤런트,Talent
특별히,especially
품질,quality
회견,interview
훔치다,steal
흔적,trace
고전,classic
과학적,scientific
구분하다,divide
그럼,then
뇌,brain
봉투,envelope
분명,For sure
사설,editorial
승리,Victory
좌우,Right and left
주,main
지다,lose
추억,memory
하여튼,anyway
함부로,thoughtlessly
향기,Scent
현지,local
가늘다,thin
개인적,Personal
겉,outside
굽히다,bend
근무하다,work
깜짝,surprise
넓히다,widen
대,big
떠들다,Chatter
매년,every year
발생,generation
셋,three
소주,soju
손바닥,Palm
승용차,car
어색하다,It is awkward
얹다,put on
의학,Medicine
장점,Advantages
적당히,Moderately
줍다,pick up
진출,debouchment
창조,creation
킬로그램,kilogram
평범하다,normal
프로,Pro
홍보,promotion
확인,check
가루,powder
건지다,rescue
깨지다,be broken
내다보다,look out
대량,block
동행,accompany
들,field
떼,group
마땅하다,deserved
바로잡다,Straighten
박히다,enter
방금,just now
생선,fish
슬픔,sadness
아무렇다,It's okay
이용되다,be used
이튿날,the next day
임시,temporary
제거하다,Remove
줄다,shrink
지구,earth
지우다,erase
참기름,Sesame oil
통,container
특수,special
팬,Pan
합치다,combine
호기심,curiosity
골목,alley
기운,Strength
기획,plan
대충,Roughly
돌아서다,turn around
동화,Fairytale
두껍다,thick
맞서다,stand opposite each other
모자라다,not enough
박다,drive
본성,original nature
상상하다,Imagine
생산력,productivity
셋째,third
안전하다,safe
유학,Study Abroad
이르다,early
장비,equipment
정치인,politician
정치적,political
졸업,graduate
처벌,punishment
카페,cafe
콤플렉스,complex
검토,examine
그다음,next
기법,technique
끓다,boil
날아오다,fly in
농담,joke
닭,chicken
담임,homeroom teacher
도중,on the way
두드러지다,stand out
맥주,beer
모래,sand
살아남다,survive
살인,Murder
성질,Property
신호,signal
아버님,father
의심하다,Doubt
인,person
잇따르다,one after another
자랑하다,brag
자판,keyboard
적용,apply
전기,electricity
중반,mid
지시하다,instruct
출발,depart
허용하다,permit
가르침,teaching
각국,each country
교과서,textbook
그려지다,drawn
꾸준히,Steadily
년도,year
다수,many
덕분,thanks for
돼지,pig
두드리다,knock
무리,swarm
물음,question
빌다,beg
수영,swimming
스님,monk
썩다,rot
어머님,mother
엉뚱하다,It's weird
여보,honey
잊어버리다,forget
정면,face
조각,piece
태우다,Burn
해석,Translate
가리다,blind
개국,opening
계산하다,Calculate
근원,Source
기차,train
담그다,Dip
마음대로,as you please
며느리,daughter-in-law
믿음,trust
발견,discovery
보고,report
부탁하다,Beg
사용자,user
사회주의,socialism
설치되다,installed
수도권,Metropolitan area
식탁,table
실패하다,fail
영원하다,forever
우연히,by chance
자극,Stimulation
정해지다,Destine
직접,directly
짚다,point out
총리,Prime Minister
칭찬,compliment
튼튼하다,strong
햇빛,sunlight
공원,park
긍정적,positive
논의하다,discuss
대출,loan
덕,virtue
돌보다,Take care
뒤집다,reverse
먼지,dust
바닷가,Beach
바치다,devote
반하다,fall in love
발표되다,announced
부정하다,unclean
불러일으키다,evoke
사원,employee
소유자,owner
씹다,chew
아무튼,anyway
안되다,It doesn't work
액수,amount
왠지,Somehow
욕심,greed
우승,Championship
익다,ripe
제출하다,submit
조심스럽다,I'm careful
직전,eve
짐작하다,guess
택하다,select
터,place
피시,fish
흘러나오다,flow out
가구,furniture
간단히,simply
강물,river water
거꾸로,Backwards
궁극적,ultimate
극히,like mad
기여하다,Contribute
꼭,please
날짜,date
대륙,continent
되게,very
뒤따르다,beset
리듬,rhythm
모니터,monitor
범인,criminal
변동,Variance
불가피하다,it's inevitable
삶다,Boil
샌드위치,sandwich
서류,document
손해,loss
숨지다,hide
아유,Wow
요청,request
운,luck
일상생활,Everyday life
자존심,Pride
주저앉다,sit down
증권사,Securities company
진하다,It's thick
초원,grassland
최종,final
회복하다,to recover
흘러가다,flow
흥미,interest
검사,test
그쪽,over there
꾸다,dream
내려다보다,look down
눈썹,Eyebrow
대신하다,It is instead
두렵다,afraid
등장,appear
디자인,design
마디,word
미처,Before I knew it
비닐,vinyl
비율,ratio
생물,Biology
소음,noise
양국,both countries
얼핏,At first glance
오래되다,Long time no see
웬,wen
조각,piece
중부,Central
차,car
채소,vegetable
침,saliva
털,hair
판매하다,sell
항의,protest
해당,corresponding
확보,secure
환경오염,Pollution
가치관,Values
검은색,Black color
고생하다,Is suffering
기원전,B.C.
기타,etc
긴급,emergency
꺾다,break
꿈꾸다,Dreaming
무려,whopping
묻히다,smear
수표,check
실태,reality
아쉽다,it's a shame
애정,Affection
얘,Boy
어머,oh
여보세요,hello
일정,schedule
장르,genre
저렇다,It's like that
접하다,contact with
정성,Qualitative
제약,Restrictions
쫓다,run
천,cloth
추가,addition
테이프,tape
품,Poom
해석,Translate
확인되다,confirmed
가하다,inflict
간장,soy sauce
강의,lecture
거,thing
고민하다,worry
과,class
교환,exchange
국어,Korean
노랗다,yellow
다치다,get hurt
동양,Eastern
동포,compatriots
뚫다,bore
상,award
새,bird
악기,instrument
연말,Year-end
올려놓다,put on
외면하다,turn away
원고,Manuscript
정말,really
줄곧,all along
지출,expenditure
차,car
치우다,clean up
피로,fatigue
향,incense
개선하다,improve
계좌,account
당기다,pull
도,do
들다,Hold
따르다,follow
말기,last period
말없이,Without saying a word
망하다,failed
문서,document
박수,clap
부자,the rich
사흘,three days
서쪽,West
성립되다,established
손자,grandson
신랑,groom
실습,Training
일찍이,early
자율,autonomy
제법,quite
집중되다,be concentrated
창조적,creative
천장,ceiling
파다,dig
하긴,but
해결되다,solved
향상,Improving
화가,artist
가라앉다,Sink
감싸다,cover
고작,At best
구경하다,watch
국물,soup
기구,machine
깔다,lay
다짐하다,promise
대합실,waiting room
매장,store
멀어지다,To get farther away
명칭,designation
불쌍하다,poor
상업,Commerce
생산되다,produced
숨기다,hide
실력,skill
야채,vegetable
엉덩이,hip
울음,weeping
이달,this month
인체,anatomy
저고리,Jeogori
전부,entire
즐거움,joy
지다,lose
진단,Diagnosis
질병,disease
짜다,salty
체력,health
친하다,close
헤아리다,count
각기,each
경찰서,police office
곧바로,Right away
관찰,observe
구두,shoes
군사,Military
귀신,ghost
귀하다,precious
그토록,So much
기초하다,base
깊이,depth
나뭇가지,branch
낫다,better
답하다,answer
대가,cost
더위,heat
되찾다,get back
말리다,dry
무덤,tomb
물결,wave
밥상,dining table
보장하다,Vouch
사과,apologize
사귀다,make friends with
서너,three or four
솟다,tower
실패,failure
예상하다,expect
예외,exception
완전,very
웃기다,funny
유리,glass
절대적,Absolute
제작하다,It is produced
쥐,mouse
최대한,Most
턱,chin
팔리다,sell
품다,incubate
하하,haha
형부,Brother-in-law
휴식,rest
굳다,harden
굳어지다,harden
굶다,starve
금년,this year
기기,device
까맣다,It's black
나침반,Compass
농부,farmer
대학원,Graduate school
더럽다,dirty
도달하다,Reach
뒤늦다,It's too late
뒤지다,fall behind
등록,registration
디스크,disk
맛보다,taste
무늬,pattern
문장,sentence
묻다,ask
변호사,lawyer
상,award
상상력,imagination
여학생,female student
영업,sales
예,yes
예방,prevention
완성,complete
유리하다,It is advantageous
자연환경,natural environment
증명하다,prove
지적되다,point out
지점,Point
철저히,thoroughly
코스,course
학부모,parents
합리적,rational
해석하다,interpret
힘쓰다,exert effort
거듭,repeatedly
귀국하다,return home
기뻐하다,I am happy
날리다,fly
내려놓다,put down
냉장고,refrigerator
당근,carrot
덜다,subtract
뛰어넘다,jump over
마누라,wife
맞이하다,greet
불행하다,unhappy
신고하다,report
연속,continuity
외롭다,lonely
욕,swear word
원장,ledger
유물,relics
저절로,By itself
절,I
정비,maintenance
주의,caution
지난번,last time
집어넣다,Put in
통계,statistics
파일,file
판,board
피해자,victim
필수적,essential
학용품,stationery
화분,pot
환하다,clear
갈색,brown
감기,cold
강남,Gangnam
구속되다,be arrested
돌아다니다,Roam
등등,etc
멋지다,awesome
반발,repulsion
반찬,side dish
방지,Prevention
배다,conceive
보장,guarantee
빠져나오다,get out
새다,leak
소개되다,be introduced
씨,Seed
안쪽,inside
억울하다,It is unfair
오가다,come and go
요구되다,required
음성,voice
이윽고,yet
장식,decoration
전개하다,unfold
전날,eve
전반적,overall
척하다,pretend
풍습,custom
한가운데,midst
한정되다,limited
해내다,accomplish
흉내,mimicry
감옥,prison
갚다,pay back
건전하다,wholesome
결혼식,Wedding ceremony
계산기,A calculator
광장,Plaza
그렇지,yes
깨다,wake up
꽉,closely
끼우다,insert
노래하다,Sing
다듬다,trim
다름없다,It's no different
당당하다,confident
댐,dam
덩어리,Lump
두뇌,brains
등,etc.
모처럼,After a long time
물리학,Physics
벌,punishment
부정적,negative
북부,northern
분리,separation
상당,equivalent
세다,count
소개,introduction
수화기,receiver
애인,lover
애초,From the beginning
얇다,thin
양념,seasoning
에,to
오염되다,polluted
오해,misunderstanding
웬일,Why
의식,Consciousness
의지하다,Rely
일기,diary
절대,never
제한하다,limit
존중하다,respect
창고,storage
채,stick
책임지다,Vouch
청춘,youth
초반,early days
트럭,truck
파,green onion
폭넓다,wide
표현되다,expressed
학번,Student ID
학원,academy
허가,permission
헤매다,wander about
가장,most
곡,song
곡식,grain
꽂다,stick
두려움,fear
망설이다,hesitate
무리,swarm
버터,butter
별다르다,It's different
보편적,universal
부품,part
뻔하다,obvious
뽑히다,be chosen
상담,consulting
서부,western
속담,Proverb
시중,city
심사,judge
아이,kid
앞세우다,take the lead
유사하다,similar
유치원,kindergarden
의욕,Will
인근,vicinity
일반인,general public
작성하다,write
전공,Major
정기,Routine
제의,suggest
종일,all day
좋아지다,get better
차림,outfit
창조하다,create
추위,cold
토마토,tomato
파랗다,blue
펴내다,publish
하드웨어,hardware
화장,Makeup
가져가다,Take away
감자,potato
강렬하다,Intense
갖다,have
괴롭다,pain
교통사고,Traffic Accident
군데,here and there
내일,tomorrow
되풀이하다,repeat
딱,Just
리,lee
메시지,message
면하다,avoid
모색하다,grope
붙잡다,seize
빛깔,color
뺨,cheek
사방,everywhere
살림,livelihood
실현,present
아냐,no
연예인,celebrity
영원히,forever
월급,salary
유행,trend
이내,Within
이리,Wolf
제발,please
차츰,Gradually
투표,vote
파괴하다,destroy
하느님,God
해당되다,Applicable
홀로,alone
가까이,closely
가득하다,full in here
각자,Each
감히,dare
강요하다,Compel
개미,ant
관습,custom
광경,scene
금세,in no time
낮추다,lower
내주다,let
명의,Name
물고기,fish
물러나다,step down
밀접하다,close
부탁,ask
분량,amount
불과,only
뻔하다,obvious
상자,Box
새해,new year
소박하다,simple
수없이,countless times
승진,promotion
양,sheep
얼음,ice
열매,Fruit
적히다,write down
점수,score
제한되다,be restricted
지속되다,continue
쫓기다,chased
쭉,all the way
통장,Bank book
평가되다,be evaluated
하도,Hado
한창,In full swing
해안,Coast
호박,pumpkin
흑인,black
간,liver
갇히다,be confined
결심하다,Decide
경기장,Stadium
고장,breakdown
근로,work
눈동자,pupil
늦다,late
닥치다,befall
도시락,lunch box
뜯다,tear off
몸짓,gesture
부담하다,burden
부회장,vice-chairman
빼앗다,Steal
삼키다,gulp down
성실하다,sincere
스튜디오,studio
실제,real
요새,these days
이상적,ideal
일쑤,often
일체,one body
자꾸만,keeps on
잦다,often
절망,despair
접다,fold
제시되다,presented
주방,kitchen
진출하다,advance
짜증,petulance
첫날,First day
통과하다,Pass
투명하다,transparent
확산되다,spread
경력,career
고통스럽다,It's painful
곤란하다,It is difficult
공중,Public
공해,pollution
귀찮다,it's bothering
기대다,lean
깨어나다,wake up
꼽히다,be singled out
대다수,plurality
듯싶다,It seems like
먹이,food
무,radish
무료,free
밉다,hate
발레,ballet
상징하다,symbolizes
실현하다,realize
아깝다,what a waste
안정되다,stabilize
어리석다,stupid
엎드리다,kneel down
여럿,many
연설,speech
연필,pencil
염려,worry
우습다,It's funny
운전,drive
익숙하다,be used to
일자,Date
잔치,party
전달되다,delivered
전부,entire
차다,cold
치료하다,Treat
칸,Cannes
한,one
갈수록,As time goes by
갖가지,all sorts of things
거절하다,refuse
관광객,tourist
구별하다,Distinguish
국,soup
다행,Relief
동의,agreement
마무리,finish
마주치다,Come across
막상,Actually
몇,some
몸통,body
못,pond
묘사하다,Depict
미술관,Art gallery
베다,mow
보장되다,guaranteed
볼,cheek
부분적,partially
불고기,Bulgogi
불리다,be called
불행,Unhappiness
비명,scream
순수,pure
시각,Time
실질적,practical
안개,Fog
여름철,summer season
오로지,only
완성하다,to complete
이런저런,This and that
임무,mission
자연히,naturally
장난,joke
저런,Like that
전용,private
지극히,extremely
청하다,ask
확정,confirmed
가상,email
각자,Each
간혹,sometimes
개방하다,open
관계되다,be related
국산,domestically produced
그해,that year
꺼지다,break
꼭대기,top
끊어지다,cut off
도,do
리그,League
마이크,mike
만족하다,satisfied
메우다,fill up
면적,area
목욕,bath
반성,regret
벌떡,Jump up
보상,compensation
분리되다,separate
빚,debt
새기다,carve
서민,people
석,three
선정하다,select
세다,count
소수,decimal
쇼,show
수학,math
시어머니,mother-in-law
시집,divan
연간,yearly
영화제,film festival
예측하다,predict
용도,Usage
의심,doubt
이동하다,move
자극하다,stimulate
재빨리,quickly
적합하다,Suitable
전화번호,phone number
조절하다,regulate
조정,adjustment
중얼거리다,mutter
지급하다,pay
확장,expansion
힘차다,powerful
감사하다,Thank
건조,dry
고요하다,calm
그대,you
그립다,Miss you
긋다,draw
기둥,Pillar
긴장하다,nervous
날카롭다,Sharp
논하다,reason
느리다,slow
도덕,moral
동부,Eastern
뒷모습,back
똑똑하다,Smart
만,only
만만하다,It's easy
못되다,be mean
보고하다,Make a report
사무소,office
사촌,cousin
상,award
상인,merchant
선언하다,declare
소원,wish
수입하다,import
식다,cool down
엿보다,watch for
완성되다,complete
유적,ruins
일생,lifetime
입히다,plate
잡아먹다,eat up
정보화,informatization
종종,often
지갑,wallet
차다,cold
창작,Creation
축소,reduction
취향,taste
친절하다,nice
카운터,counter
탄생하다,be born
하숙집,Boarding house
학급,class
해군,Navy
효율적,efficient
가슴속,breast
간,liver
간판,Sign
건드리다,touch
관리하다,manage
괴로움,suffering
근거하다,based on
금액,amount
다행히,Fortunately
달래다,lull
동아리,club
따라오다,follow
말리다,dry
맘,Mom
먹다,eat
명절,holiday
못하다,Can not do it
바이올린,violin
밝혀내다,uncover
부서지다,break
비행,flight
상관없다,Does not matter
성립하다,establish
수명,life span
시즌,season
신기하다,amazing
업다,up
예감,presentiment
음식물,prog
자신감,confidence
죄인,sinner
주의하다,pay heed to
준비물,materials
천,cloth
출입,coming and going
쾌감,pleasure
탄생,birth
튀다,splatter
하필,Of course
활용,uses
회색,gray
거액,mint
고교,high school
고집하다,insist
곧잘,soon
골짜기,valley
교훈,Lesson
구르다,recoil
글씨,writing
노래방,karaoke
단편,snippet
달다,Sweet
대처하다,cope with
매다,Tie
머리카락,hair
명확하다,clear
발걸음,footfall
발길,kick
벌레,bug
빼앗기다,be taken away
생산자,producer
선진,advanced
성인,adult
소매,Sleeve
시멘트,cement
신규,new
신청하다,apply
실은,actually
심판,Referee
안기다,hug
양심,Conscience
이사장,Chairman
이자,interest
익숙해지다,Accustomed
자세하다,detailed
저거,that
저축,saving
제비,swallow
제안,proposal
제안하다,propose
증세,tax increase
지난날,Last Day
진급,promotion
콩나물,Bean sprouts
튀어나오다,pop up
표준,standard
항구,Harbor
허용,permit
헬기,helicopter
간신히,barely
갈아입다,change
감다,reel in
같이하다,do together
거짓,lie
거품,bubble
걸어오다,walk
공군,air Force
기술자,technician
나물,Herbs
달리기,running
대도시,big city
도둑,thief
도전,challenge
면,noodle
모자,hat
보조,assistant
불리하다,disadvantageous
불편,Inconvenience
비비다,rub
사과,apologize
살아나다,come alive
소파,Sofa
속이다,cheat
수면,Sleep
수천,thousands
스무,twenty
승부,victory
시기,period
신념,belief
신입생,freshman
어린아이,Young kid
어쩐지,no wonder
여간,Anyway
역,station
연락하다,contact
영향력,Influence
예의,manners
이내,Within
이리저리,back and forth
인간적,humane
인사하다,Greet
임금,wage
잘나다,be good
재능,Talent
지불하다,Pay
파출소,police box
판,board
한문,Chinese
건네주다,hand over
결승,finals
공공,public
교양,Culture
국왕,king
규칙적,regular
극복,Overcome
글쎄요,well
내려지다,put down
냉동,frozen
녹다,melt
대개,mostly
년생,year of birth
배추,napa cabbage
센터,center
수염,mustache
수집하다,collect
승객,passenger
싱싱하다,fresh
아아,iced coffee
어리다,young
여권,passport
열쇠,key
오렌지,orange
외모,appearance
인공,art
잠자리,dragonfly
장남,eldest son
저마다,each one
전국적,nationwide
전반,first half
제자리,In place
지루하다,boring
척,chuck
포도주,wine
학술,academic
혈액,blood
화살,arrow
화재,fire
가르다,divide
각각,each
간격,interval
고함,shout
공격하다,attack
그놈,That guy
기록되다,recorded
끝없다,endless
끼어들다,intervene
노선,route
답,answer
대사,line
도망치다,run away
독서,reading
동,dong
동의하다,Agree
딱딱하다,It is hard
땅속,bowels of the earth
벌금,Fine
복,luck
봉사,volunteer
부서,department
성,castle
소형,small type
신인,new man
악몽,nightmare
안내,guide
앞뒤,Back and forth
언덕,Hill
열정,Passion
오페라,opera
입맛,taste
재즈,jazz
적응하다,It is adapted
절대,never
접시,plate
제공,offer
지나치다,go too far
참가,attend
체중,weight
추석,Thanksgiving
충돌,crash
통로,Passage
포장,packaging
해소,solution
행해지다,be done
현관,entrance
현대인,modern
혜택,Benefits
호수,lake
확,sudden
건너가다,cross
골고루,Evenly
구석구석,every corner
그제서야,Only then
녹색,green
다,all
등록증,registration certificate
막내,the youngest
반복되다,repeat
발전,Development
방해,Hindrance
번호,number
벼,rice
본인,me
상점,shop
수백,hundreds
실장,head of a department
쓸쓸하다,I am lonely
악수,handshake
애,baby
어지럽다,dizzy
어찌하다,What to do
예정되다,scheduled
이중,double
인원,personnel
인정받다,Affirmed
인터뷰,interview
입학하다,Enter a school
자랑,Boast
저것,that
정문,Front Door
착각,mistaken
창,window
친정,parent's house
켜지다,turn on
타입,type
팩,pack
표시하다,Denote
행하다,hold
활짝,wide open
감상하다,Appreciate
개별,Individual
공식적,official
그런대로,enough
기독교,Christian
깨달음,enlightenment
끼다,Put on
넘어지다,fall down
눈부시다,dazzling
단점,disadvantage
들려주다,tell
뚜껑,Lid
마음먹다,make up your mind
목록,List
반복하다,repeat
반성하다,reflect
별명,Nickname
보전,integrity
불어오다,blow
소유하다,own
수박,watermelon
스위치,switch
신세,I owe you
아까,a moment ago
알아내다,to find out
암,cancer
야단,scold
얘,Boy
엔,n
연결,connection
연관,Relation
용서하다,Forgive
우정,friendship
육군,army
음식점,restaurant
의논하다,to discuss
인분,Servings
주요하다,major
죽,porridge
차마,I can't bear it
참조,reference
첫째,first
타고나다,be born with
태우다,Burn
행사,event
향수,perfume
허용되다,allowed
가입,join
가정,home
과자,snack
교체,substitute
김,seaweed
꼬마,Little
끝없이,eternally
나르다,tote
놀리다,Badinage
늘어놓다,lay out
닫히다,shut
대표하다,to represent
대학교,university
도로,road name
돼지고기,pork
두려워하다,afraid of
뜻밖,unexpected
막걸리,Makgeolli
맡다,take on
미스,miss
밀리다,be left undone
밥그릇,rice bowl
방문,visit
병들다,get sick
부러지다,break
불꽃,flame
상대성,relativity
설문,survey
소설가,novelist
쓸다,sweep
안녕히,Bye
안팎,inside and outside
예방하다,prevent
올,all
유의하다,be careful
유학,Study Abroad
이해되다,understand
인하,cut
작성,write
잘리다,cut
전달,relay
전시회,Exhibition
전화하다,Make a phone call
전환하다,switch
정치학,politics
좌석,seat
주문,order
집안일,housework
체계적,systematic
출근,go to work
크림,cream
탁월하다,excellent
텅,Tongue
토하다,vomit
푹,deeply
한순간,a moment
가사,lyrics
가입자,subscriber
감소하다,Diminish
개구리,frog
결과적,resultant
괴롭히다,bother
구별,Distinction
깨우다,wake up
끈,string
끊기다,cut off
끊임없다,It's endless
넉넉하다,Plenty
동전,coin
두어,put it
마약,drug
밑바닥,bottom
보도되다,be reported
보리,barley
본부,headquarters
부,wealth
성숙하다,mature
소극적,passive
소용,use
손질하다,trim
수건,Towel
순식간,wink
시도,trial
시집,divan
아무개,so-and-so
약점,Weakness
양복,suit
어째서,why
어쩌다,somehow
얼다,freeze
여,female
연령,age
예비,Spare
울음소리,crying sound
이놈,this guy
이력서,resume
인정되다,be recognized
잠자다,sleep
젓가락,chopsticks
주년,anniversary
중단하다,stop
중대하다,great
중심지,center
집중적,intensive
참되다,true
초청,invitation
출판사,publisher
탁자,table
토끼,rabbit
퍽,puck
풍속,wind speed
피아노,piano
핑계,excuse
한층,even
행운,luck
가로막다,block
간섭,Interference
갈증,thirst
갑작스럽다,It's sudden
교환하다,exchange
그래야,So that
기원,origin
길가,roadside
난리,Uproar
남매,siblings
내버리다,throw away
달리하다,differ
뛰어가다,run
미사일,missile
발가락,toes
보존,preservation
보호되다,protected
뵙다,meet
부치다,send
상관,relation
설명되다,explain
섭섭하다,feel dissapointed
세,count
세련되다,sophisticated
손쉽다,Easy
안주,snack
어린애,child
열기,Heat
옷차림,getup
위로하다,console
이같이,Like this
인형,doll
일치,Same
재생,play
전철,subway
찢어지다,tear
철학자,philosopher
축하하다,Celebrate
컬러,color
통화,call
특이하다,Unusual
필연적,inevitable
하룻밤,one night
흘러내리다,flow down
가짜,FALSE
강도,robbery
곰,bear
급히,in haste
기념,Commemoration
나아지다,get better
넘어오다,come over
되돌리다,get back
띄우다,ferment
매너,manner
민속,folklore
버려지다,abandoned
빗물,rainwater
사위,son-in-law
설날,new year
설득하다,persuade
손질,trim
손톱,Fingernail
식빵,bread
아르바이트,part time job
외로움,loneliness
외우다,memorize
운전자,operator
유리창,sash
입대,enlist
적성,aptitude
전망하다,view
집단적,collective
차이점,difference
찬물,cold water
철도,railroad
총각,bachelor
캠페인,campaign
태풍,Typhoon
한눈,glance
햇볕,sunshine
홍수,flood
가뭄,drought
간접,indirect
강력히,strongly
개선되다,improve
건네다,carry across
게,crab
결심,Determination
곧장,right away
교직,union
구속하다,bind
귀중하다,precious
긁다,scratch
금지하다,to prohibit
기사,article
기숙사,dormitory
나뭇잎,leaf
내쉬다,exhale
넓어지다,widen
늘어지다,hang down
단독,single
마당,yard
마음껏,As much as you like
몰려들다,flock
미팅,Meeting
바,bar
바퀴,wheel
발자국,footprint
뱉다,disgorge
벌어지다,open up
보너스,bonus
산책,walk
생기,Vigor
서적,books
소화,digestion
수험생,test taker
시끄럽다,noisy
신세대,new generation
안기다,hug
어기다,violate
어때,how
엘리베이터,elevator
연구원,researcher
연애,romantic relationship
연휴,Holidays
요약하다,summarize
운동하다,work out
월요일,monday
위성,satellite
의외로,surprisingly
이모,aunt
자살,Suicide
제시,proposal
제외되다,be excluded
조카,nephew
주소,address
찍히다,be taken
철,steel
취직,employment
타락,Corruption
통화,call
틀림없이,definitely
파티,party
회관,hall
계획하다,Plan
공연장,concert hall
국적,nationality
근래,recently
나뉘다,divided
낱말,word
내외,Inside and outside
냄비,pot
늑대,A wolf
늘어서다,line up
다정하다,considerate
달다,Sweet
달려들다,rush
망원경,telescope
모범,Example
무리하다,overwork
묶이다,knot
방해하다,interrupt
뱀,snake
벌,punishment
뵈다,see
상류,upstream
석,three
선명하다,clear
선호하다,prefer
성공적,successful
소규모,small scale
수시로,frequently
시야,eyesight
실현되다,come true
아니야,no
어느덧,Before you know it
오르내리다,go up and down
왕자,Prince
우수하다,great
유명,famous
유형,category
으레,Usually
일상적,routine
일일이,one by one
전공하다,Specialize
전후,order
정상,normal
정상적,normal
질적,qualitative
척,chuck
철,steel
청소하다,clean
충격적,shocking
치아,teeth
판,board
편의,Convenience
폐지,abolition
해설,Commentary
헌,used
흑백,Gray-scale
희생,sacrifice
가까워지다,closer
감사하다,Thank
강도,robbery
경비,guard
경제력,economic power
금하다,forbid
기대되다,look forward to
깊숙이,deeply
꿀,honey
넘어뜨리다,knock down
농사짓다,farm
단단하다,hard
담당자,manager
답변,answer
대비,prepare
대체,how
더욱더,even more
도심,downtown
된장,soybean paste
둘러싸이다,be surrounded
등산,mountain climbing
마찰,friction
마크,mark
만족,Satisfaction
망치다,ruin
메뉴,menu
모금,fundraising
묘사,describe
문화적,classic
묻히다,smear
미혼,single
발전되다,develop
방송사,broadcasting company
방지하다,prevent
사표,resignation letter
삼가다,forbear
생방송,live broadcast
셋째,third
소홀히,neglected
손발,hands and feet
쌍둥이,Twins
안내하다,guide
앉히다,sit
영하,below zero
옆구리,side
외교관,diplomat
외국어,Foreign language
웬만하다,It's acceptable
유행하다,popular
으응,Yes
이어서,next
자장면,Noodles
자정,midnight
종합하다,synthesize
중학생,Middle schooler
짜다,salty
참,really
채,stick
최후,last
취재,take
치다,hit
테러,terror
토론회,debating society
한잔,a drink
호주머니,pocket
휴일,day off
가난,poor
가죽,leather
관계없이,Regardless
군,army
기다,crawl
다툼,conflict
달력,calendar
대,big
대낮,midday
데려가다,take
도자기,ceramic
돌멩이,stone
되돌아오다,come back
두께,thickness
뒤쪽,behind
모조리,all
변경,change
부지런히,industriously
사슴,deer
삼촌,uncle
상당수,quite a few
소풍,picnic
속옷,underwear
손목,wrist
손실,Loss
슬쩍,swipe
시나리오,scenario
신문지,newspaper
실컷,To your heart's content
양보하다,yield
엔진,engine
용,dragon
운행,race
이대로,like this
인간성,humanity
인상적,impressive
자라나다,grow up
전시,exhibition
조그마하다,It's small
주차장,parking lot
주한,Korea
중년,middle-age
지다,lose
찌꺼기,leftover
춤추다,to dance
테니스,tennis
파리,fly
포스터,poster
포함,include
형식적,formal
호남,Honam
후회하다,regret
가이드,guide
가입하다,join
감소,decrease
고르다,choose
고속도로,highway
공책,Notebook
구분되다,separate
구입,purchase
기여,contribute
기호,sign
꾸리다,manage
낭비,waste
내외,Inside and outside
대략,approximately
덮이다,cope
도리어,On the contrary
똑바로,upright
라인,line
렌즈,lens
멋있다,stylish
멸치,anchovy
바람,wind
발목,Ankle
밤늦다,It's late at night
방울,Bell
배,ship
벌,punishment
보관,keep
보살피다,take care of
보완하다,Redeem
보존하다,Preserve
빨다,suck
빼놓다,leave out
사상,thought
사춘기,puberty
상반기,the first half
서점,bookstore
선전,propaganda
설립하다,establish
수집,collection
수필,essay
신기하다,amazing
신비,Mystery
신설,newly open
실감,Realistic
실망,Disappointment
쓰다듬다,stroke
알루미늄,aluminum
알아주다,recognize
양말,socks
여우,fox
와,and
외출,outing
용기,courage
웨이터,waiter
유발하다,cause
유지되다,maintained
자가용,own car
잡아당기다,pull
점검,inspection
정말,really
정원,garden
조기,croaker
존경하다,Respect
종,bell
종소리,knell
중순,mid
지각,tardy
직선,Straight
참외,melon
체하다,pretend
체험하다,experience
초대하다,invite
총,gun
칭찬하다,Praise
코치,coach
통일하다,unify
패션,fashion
프린터,printer
피디,PD
하나하나,One by one
학위,degree
회의,meeting
가로등,Street lamp
감,persimmon
개개인,individual
걷다,walk
고집,stubborn
금,gold
급격히,rapidly
기능,function
기막히다,Amazing
나누어지다,be divided
낙엽,fallen leaves
넘겨주다,hand over
논리적,logical
다가서다,approach
대기하다,wait
대접,Hospitality
동창,alumni
두리번거리다,look around
말다,roll
맞은편,Across
멋,taste
면,noodle
박,Gourd
밤하늘,night sky
변명,excuse
보자기,wrapper
부상,injury
분리하다,Disunite
붙들다,arrest
사들이다,buy
상관없이,Regardless of
새우,shrimp
선원,sailor
설사,diarrhea
실망하다,It is disappointing
심해지다,get worse
씨름,Wrestling
아쉬움,regret
앞길,road ahead
약해지다,become weak
어젯밤,yesternight
엉망,mess
여관,motel
여쭈다,ask
연습하다,Practice
연출하다,direct
열중하다,be absorbed
영웅,hero
오,oh
유산,Legacy
의도적,intentional
이따금,sometimes
임신부,pregnant woman
장기적,long term
재주,skill
전설,Legend
절,I
젖,milk
조르다,tease
주문하다,Bespeak
주사,injection
지겹다,boring
짐작,guesswork
쫓겨나다,Kicked out
찢다,tear
채널,channel
출근하다,go to work
취소하다,to cancel
취업,employment
칠하다,paint
타오르다,burn
탁,widely
판,board
평,pyeong
평화롭다,It's peaceful
표시,mark
표시,mark
하반기,Second half
한구석,a corner
한하다,limit
해답,solution
해소하다,Release
허락하다,Permit
확립하다,establish
확신하다,Is convinced
흥분,excitement
흥분하다,excited
힘겹다,It's hard
감수성,sensibility
거들다,assist
건너편,other side
경치,sight
급속히,rapidly
급증하다,rapidly increase
깔끔하다,It is clean
꼼꼼하다,meticulous
낮아지다,come low
단순,simple
대사,line
두세,two or three
때,at the time
매,hawk
먹고살다,make a living
멎다,stop
면담,interview
모집,recruitment
모퉁이,corner
바구니,basket
바싹,Closely
발달되다,develop
발음,pronunciation
방울,Bell
보름,full moon
봉지,bag
부딪히다,To get hit
비상,emergency
비서,secretary
뿌리치다,shake off
사업자,buisnessman
상대편,the other side
세트,set
소망,hope
수동적,passive
술잔,glass
슬그머니,Secretly
시장,market
시청률,rating
신문사,newspaper
여군,female soldier
연인,lover
연장,extension
열흘,ten days
예선,tryout
옥수수,corner
원,one
은행나무,Ginkgo
이웃집,next door
자부심,pride
장차,In the future
재미없다,Not funny
저편,beyond
정신과,psychiatry
제도적,institutional
조절,control
주거,dwelling
주스,juice
준비되다,ready
중단되다,stop
중요시하다,attach importance to
지점,Point
진단하다,diagnose
콜라,Cola
타다,ride
편견,prejudice
플라스틱,plastic
환율,Exchange Rate
활기,vigor
강사,teacher
강수량,precipitation
교대,rotation
구청,District office
국내외,Domestic and international
금지되다,be banned
기도하다,Pray
기성,ready-made
깨뜨리다,break
꼼짝,Stuck
남학생,boy
농사일,farming
농장,Farm
데이트,date
되돌아가다,go back
두부,tofu
들이켜다,drink in
따라다니다,follow
라운드,round
마음가짐,mental attitude
머리칼,hair
모,what
바퀴,wheel
번개,Lightning
변화되다,change
부러워하다,envy
부재,absence
사망,Dead
생,raw
서늘하다,cool
성경,Bible
소요되다,take
소화하다,digest
순간적,momentary
시집가다,get married
시청,City Hall
싶어지다,want to
씌우다,sheathe
야간,Nighttime
엇갈리다,diverge
엷다,thin
오락,game
오른손,right hand
우아하다,elegant
이것저것,this and that
이슬,Dew
인간관계,Relationships
장기간,long term
저자,author
전선,wire
정지,stop
제의하다,propose
조명,light
조화되다,harmonize
줄거리,summary
중단,stop
차선,lane
착각하다,be mistaken
초상화,portrait
출장,business trip
쿠데타,Coup d'etat
퇴근,leave work
특수성,distinctiveness
항공기,aircraft
활발히,actively
회화,conversation
흥미롭다,Interesting
가져다주다,bring
각오,Resolution
개방되다,open
겨자,mustard
경고하다,warn
경제학,economics
골프,golf
관심사,Interest
구별되다,be distinguished
국사,national affairs
굳히다,bind
귀국,Return
그간,In the meantime
그럴듯하다,It's plausible
극작가,playwright
기,energy
기울다,slant
기적,miracle
끌리다,traipse
내보내다,send out
담,wall
동서,cohabitation
들여놓다,bring in
따스하다,warm
말투,speech
명령어,command
목욕탕,baths
미끄러지다,slip
바닷물,sea ​​water
변신,transform
부친,father
붙잡히다,get caught
브랜드,brand
빨다,suck
사무,Affairs
사소하다,trivial
상,award
상쾌하다,refreshing
성,castle
손길,touch
순위,ranking
식사하다,have a meal
쌍,pair
썰렁하다,It's dull
암시,suggestion
앞날,future
역사상,in history
연주,play
우울하다,Depressed
우체국,post office
울리다,make cry
육상,Athletics
음주,Drinking
이별,farewell
인재,Human Resources
인종,race
일시적,temporary
재밌다,fun
전문적,professional
젊음,youth
점잖다,polite
조개,clam
주무시다,sleep
중계방송,relay broadcast
중독,Addicted
지급,Payments
진실하다,true
차창,car window
초청하다,invite
출발점,starting point
출판,Publishing
출현하다,appear
클럽,club
키스,kiss
탈출하다,to escape
판사,judge
허락,allow
확신,assurance
흐리다,cloudy
걱정스럽다,I'm worried
건설되다,be built
고개,head
고프다,I'm hungry
그제야,Only then
금연,no smoking
기성세대,older generation
기술하다,describe
까치,magpie
꿈속,in a dream
나비,butterfly
남북,north and south
납득하다,convince
단,step
대사관,Embassy
독창적,original
되풀이되다,repeat
떠나가다,leave
떠들썩하다,make a fuss
뜻대로,As you wish
레스토랑,restaurant
로봇,robot
만점,perfect score
매달,medal
모여들다,gather together
묵다,lodge
바깥쪽,outside
배고프다,hungry
버섯,mushroom
보수,repair
보안,security
뵈다,see
부,wealth
비웃다,Making fun of
비키다,get out of the way
사나이,man
사모님,Mrs
삼,three
상징적,symbolic
색다르다,It's different
세미나,seminar
세제,Detergent
속삭이다,whisper
시일,seal
시합,match
신속하다,quick
신제품,new product
신중하다,Be careful
썩,So bad
암컷,female
여행하다,travel
예고하다,predict
위반하다,violate
윗몸,upper body
은은하다,It's subtle
이해관계,interests
익히다,to cook
일대,cohort
입력,input
자연현상,natural phenomenon
정류장,station
정신없이,frantically
정직하다,honest
조정하다,Mediate
주름,wrinkle
중요,important
챔피언,champion
최신,recent
축하,congrats
취소,cancellation
캐릭터,character
커튼,curtain
팬,Pan
해롭다,It's harmful
현관문,Main door
활발해지다,become active
회복되다,recover
희생하다,sacrifice
가능해지다,become possible
겨울철,winter
고추장,chili pepper paste
골프장,golf course
공연히,vainly
과정,procedure
국수,noodle
국제적,international
그루,Groo
그전,Before that
금고,safe
꾸중,scold
끌어당기다,pull
끼,talent
능동적,active
달빛,Moonlight
당분간,for now
도움말,Help
되살리다,revive
뒷산,back mountain
땜,tinkering
만족하다,satisfied
맵다,spicy
메다,meda
몰려오다,flock
물질적,material
미인,Beauty
믿어지다,believe
반죽,dough
반지,ring
밤,night
배치,arrangement
백인,White
본,copy
본사,head office
부르다,call
불평등하다,unequal
비타민,vitamin
빌딩,building
빠뜨리다,leave out
산속,in the mountains
새로이,freshly
서양인,Occidental
소지품,belongings
송이,cluster
쇠,iron
수컷,cock
승리하다,win
식초,vinegar
심부름,errand
씨앗,seed
야외,outdoor
얻어먹다,get it
엄숙하다,solemn
여가,Leisure
여동생,younger sister
연상하다,reminiscent
옆집,next door
오래간만,long time no see
오래도록,For a long time
올려다보다,look up
외다,cry out
외침,shout
이빨,teeth
이해,understanding
일손,work in hand
잠바,jacket
잠수함,submarine
장수,Long live
장학금,scholarship
재다,take
점심시간,Lunch hour
지도하다,lead
지적,Point out
진로,Course
진행자,MC
쪽,side
찾아다니다,look for
책임감,responsibility
체온,temperature
초밥,sushi
출구,exit
출입문,entrance door
통과,Pass
포장마차,snack cart
푸다,scoop out
풀,grass
피망,pimento
필름,film
한결,Hangyeol
한여름,midsummer
항공,Airline
호선,line
회전,rotation
휴지,tissue
가려지다,covered
가위,scissors
고속,high speed
곧다,straight
골치,headache
구하다,get
그때그때,From time to time
내달,next month
넷째,fourth
놔두다,leave
늦어지다,be late
도망가다,run away
독하다,It's strong
땅콩,peanut
뜰,garden
뜻밖에,unexpectedly
만,only
명단,list
무의미하다,meaningless
문구,Phrases
뭣,What
미만,under
백색,White
비바람,rainstorm
사기,fraud
사망하다,die
사무직,office job
소질,diathesis
솜,cotton
시디롬,cd rom
식생활,diet
신호등,Traffic Light
신혼여행,Honeymoon
실,line
씩씩하다,brave
연구실,Lab
월드컵,World Cup
유머,humor
의류,clothes
입원,Admission
잊혀지다,forgotten
잘살다,live well
장가,Marriage
적응,adaptation
정리되다,organized
조,article
졸업생,graduate
죽다,die
창피하다,It is embarrassing
친절,kindness
침실,bedroom
태권도,Taekwondo
토론하다,have a discussion
하나하나,One by one
합하다,fit
핸드백,handbag
햄버거,hamburger
가정교사,tutor
감사,thanks
공통적,common
교육자,educator
교재,textbook
기타,etc
길어지다,become longer
깨소금,Sesame salt
나빠지다,get worse
남,other
놓아두다,let go
대접하다,entertain
두통,headache
뛰어내리다,jump off
무궁화,Rose of Sharon
바이러스,virus
방바닥,floor
번거롭다,Cumbersome
사냥,hunt
사회생활,Social Life
설거지,dish wash
수년,years
수출하다,export
숙소,lodging
슈퍼마켓,supermarket
심리적,psychological
연기,performance
위로,consolation
이용자,user
입력하다,enter
자격증,certificate
진료,diagnosis
창가,window
초조하다,nervous
타다,ride
한잔하다,have a drink
함께하다,together
합격하다,Pass an examination
화장지,paper towel
힘껏,amain
가요,song
감상,enjoy
공짜,free
공통되다,common
그만하다,stop
김,seaweed
나들이,picnic
녹이다,melt
눈가,around the eyes
도망,escape
동기,motivation
모기,mosquito
미니,mini
방면,direction
법적,legal
벤치,Bench
보수,repair
볼일,errands
부끄러움,shame
비누,soap
비행,flight
빗줄기,raindrops
사회학,sociology
성적,sexual
세수,wash face
순진하다,naive
스웨터,sweater
심심하다,I'm bored
어려워지다,become difficult
여행사,Travel agency
올라서다,stand up
왼손,left hand
유학생,foreign student
은,silver
자리,seat
잘생기다,handsome
장애인,Disabled
재활용품,recyclables
저러다,Like that
저리,there
절약하다,Retrench
정반대,contrary
조,article
진동,vibration
찌개,soup
추천,suggestion
학점,Grades
한가하다,It is idle
합격,pass
환영하다,Welcome
간접적,indirect
갈다,Sharpen
경영하다,run
그리움,longing
그사이,in between
기념하다,celebrate
기도,pray
길거리,Street
꽃잎,petal
넥타이,necktie
대강,outline
독립하다,become independent
돌려주다,Give back
들이마시다,inhale
뛰어오르다,jump
라이터,lighter
매일,everyday
문밖,outside the door
방송하다,broadcast
보충하다,to make up
불완전하다,incomplete
불평,complain
붐비다,bustle
생활환경,living environment
서명,signature
손등,back of hand
역사학,history
영,zero
오리,duck
요리사,chef
원,one
원서,application
월,month
이론적,theoretical
이제야,Now
임신하다,be pregnant
입원하다,Hospitalize
자취,trace
잠그다,lock
잡수시다,Let's eat
장난감,toy
장례,funeral
전기밥솥,electric rice cooker
지금껏,Until now
지름길,shortcut
지진,earthquake
참석자,participant
창구,window
최저,lowest
코미디,comedy
튀기다,fry
필수,essential
하품,yawn
한국말,Korean
횟수,number
흐리다,cloudy
가능,possible
값싸다,cheap
계란,egg
교문,school gate
권투,boxing
긴장감,tension
김,seaweed
넷,four
뒤편,back
매달다,suspend
매주,every week
문제되다,be a problem
받침,support
북,north
불이익,disadvantage
불필요하다,unnecessary
산부인과,Obstetrics and gynecology
새우다,shrimp
서명하다,sign
수,number
수고하다,Keep the good work
수학,math
신부,priest
쓸데없다,It's useless
아뇨,no
아래쪽,down
아스팔트,asphalt
아하,aha
알코올,Alcohol
액세서리,accessory
에어컨,air conditioner
염려하다,worry
오이,cucumber
외삼촌,uncle
요,yo. this
웃음소리,sound of laughter
위쪽,topside
음료수,drink
인쇄,print
잔디,grass
전세,charter
조깅,jogging
초대,invite
치다,hit
캠퍼스,campus
터널,tunnel
통,container
퇴직금,severance pay
환갑,60th birthday
가만있다,stay still
간편하다,easy
감동적,touching
건너오다,come over
관광지,Tourist destination
교복,uniform
교포,Korean
귀가하다,return home
날아다니다,fly
더더욱,Even more
등록금,Tuition
뛰어다니다,run around
마음씨,nature
만,only
메모,memo
몸매,body
몸무게,weight
무관심,indifference
반짝이다,sparkle
배달,delivery
번역,translation
부인,ma'am
분주하다,busy
비닐봉지,plastic bag
비판적,critical
뺏다,take away
사전,dictionary
서랍,a drawer
소나기,shower
소중히,cherish it
손잡이,handle
수도꼭지,water tap
실례,excuse
싸구려,cheap
안녕,hi
안되다,It doesn't work
약국,pharmacy
어찌나,How
엉터리,nonsense
연하다,soft
원숭이,monkey
위법,illegality
육체적,physical
음력,Lunar
이혼,divorce
일회용,disposable
잔디밭,lawn
저기,excuse me
전문직,professional
전화기,cellphone
제출,submit
지난주,last week
진달래,Azalea
쪽,side
찌다,steam
차남,second son
채점,grading
침착하다,calm down
캄캄하다,It's dark
타자기,keyboard
팬티,panties
편히,comfortably
포인트,point
포크,fork
한밤중,midnight
효도,filial piety
가구,furniture
간호사,nurse
개나리,forsythia
고등학생,high school student
골목길,close
관람객,Audience
귀가,homecoming
그리워하다,miss
기억나다,remember
기침,cough
노랫소리,singing voice
다섯,five
닭고기,chicken
대학교수,university professor
뒷문,back door
딸아이,daughter
레몬,lemon
만족스럽다,I'm satisfied
미움,hate
바가지,overpriced
발끝,tiptoe
배꼽,navel
병실,ward
봉사하다,serve
비행장,airfield
사랑스럽다,lovely
숟가락,Spoon
술병,bottle
습기,humidity
쓰이다,serve
엽서,Postcard
예보,forecast
요일,Day of the week
욕실,bathroom
용감하다,brave
운전기사,driver
위험성,Risks
익다,ripe
일,Day
장마,The rainy season
재학,Attending
저,I
전기,electricity
전시하다,display
정기적,regularly
종교적,religious
주관적,subjective
직장인,Office workers
진심,Sincerity
질문하다,Ask a question
짧아지다,become shorter
찌다,steam
책가방,school bag
천국,heaven
치약,toothpaste
큰절,bow loudly
학과,Department
후회,regret
강조,emphasis
게시판,notice board
공통점,common ground
과외,tutoring
교내,On campus
구,nine
금요일,friday
김밥,kimbap
내적,dot product
놀이터,playground
다녀가다,go around
답장,reply
때때로,sometimes
뜨다,to rise
마라톤,marathon
매스컴,mass media
무,radish
묵다,lodge
바나나,banana
발등,instep of a foot
밤새,Overnight
별일,special day
보내오다,send
부채,fan
불법,illegal
블라우스,blouse
사업가,Entrepreneur
사이좋다,We get along well
세상에,oh my god
수고,effort
수요일,wednesday
슬퍼하다,be sad
시금치,spinach
신청서,application
쓰레기통,trash can
아랫사람,subordinate
앞쪽,front
앨범,album
양,sheep
여전하다,It's still the same
영남,Yeongnam
옥상,rooftop
왼발,left foot
운전하다,drive
위,stomach
일기,diary
일자리,Job
자매,sisters
저번,last time
전시장,showroom
절약,Saving
정답,answer
정오,At noon
제대하다,be discharged
졸다,snooze
즉석,instant
지방,province
차차,Chacha
추측,guess
충고,advice
코피,Nosebleed
턱,chin
팩시밀리,facsimile
한낮,midday
할인,discount
가득히,chock
간호,nurse
갑,the former
건너,across
걷다,walk
겁나다,scary
고구마,sweet potato
국기,flag
금메달,gold medal
노트,note
눈감다,close one's eyes
눈뜨다,open one's eyes
대입,college admissions
대화하다,Converse with
도마,cutting board
동화책,fairy tale book
딸기,strawberry
땅바닥,ground
모집하다,recruit
미워하다,Hate
밤색,brown
밥맛,Appetite
배우자,spouse
복사,copy
볶음밥,fried rice
성별,gender
세탁,laundry
소문나다,be rumored
소용없다,no use
속상하다,upset
손수건,handkerchief
송아지,calf
수돗물,tap water
수만,tens of thousands
수입되다,be imported
수입품,imported goods
술자리,drinking party
식기,tableware
싼값,cheap price
안,not
안부,safety
양주,liquor
어린이날,Children's Day
영화배우,Actor
오른발,right foot
용서,Forgiveness
우편,post
이사하다,Move house
일등,first class
작아지다,become smaller
정장,suit
좁히다,close up
좋아,good
죽,porridge
줄무늬,stripe
지워지다,erased
지저분하다,dirty
진통,throes
찬성하다,agree
참석,attend
초콜릿,chocolate
최고급,top quality
최상,the best
최악,worst
출국,Departure
친해지다,become friendly
코끝,tip of nose
터미널,terminal
피자,pizza
한국적,Korean
햄,ham
환영,illusion
가로수,colonnade
간식,snack
감,persimmon
개다,fold
고급스럽다,It's luxurious
고소하다,accuse
공주,princess
깨어지다,wake up
남,other
네거리,crossroads
노란색,yellow
녹음하다,record
달러,dollar
대여섯,Five or six
되돌아보다,look back
등산로,hiking trail
마사지,massage
만,only
먹히다,get eaten
몸살,sick
무더위,swelter
무용가,dancer
박스,box
반기다,welcome
밥솥,rice cooker
베개,pillow
벨트,belt
복사하다,To copy
붓다,pour
비,rain
사계절,four Seasons
사과하다,apologize
사투리,dialect
상금,reward
수저,spoon and chopsticks
식욕,appetite
앞바다,offshore
얄밉다,It's disgusting
양상추,lettuce
여대생,female college student
연기하다,Adjourn
온라인,online
외갓집,mother's house
외할머니,maternal grandmother
유능하다,competent
유적지,Historic sites
음악가,Musician
응답하다,to respond
이롭다,beneficial
이분,This person
인삼,Ginseng
인상,impression
입사,join
자,ruler
재활용,recycle
점원,clerk
제삿날,Memorial Day
주름살,wrinkles
참고하다,refer to
찻잔,teacup
철학적,philosophical
초대,invite
추천하다,recommend
칫솔,toothbrush
큰길,main street
판매되다,sold
편,side
포근하다,comfy
포도,grape
하나님,father
학력,Education
한정하다,limit
향상되다,improve
홈페이지,home page
횡단보도,crosswalk
가톨릭,Catholic
강당,auditorium
건조하다,dry
걷기,walking
고모부,Uncle
공중전화,Payphone
공통,common
과거,past
국가적,national
귓속,In your ear
그래픽,graphic
근교,suburb
기초적,basic
녹음,record
다양성,Diversity
대상자,Subject
동그라미,circle
떠나오다,leave
레이저,laser
마중,welcome
밝다,bright
밤중,midnight
배드민턴,Badminton
배부르다,full
버튼,button
보수적,Conservative
불확실하다,uncertain
비만,obesity
빗방울,raindrop
사회자,moderator
샤워,shower
서투르다,clumsy
세탁기,washing machine
손뼉,Clap your hands
손수,handmade
송편,songpyeon
시들다,wither
시디,cd
신사,Gentleman
신혼부부,newly married couple
싱겁다,It's bland
쓸데없이,Uselessly
야하다,It's sexy
어쩌다가,What happened
옛날이야기,old story
오븐,Oven
온종일,all day
와인,wine
왕비,Queen
우승하다,win
운반,carrying
웃어른,Laughed
인사말,greetings
자판기,vending machine
장모님,mother in law
저녁때,evening
저울,scale
적어지다,become less
지폐,money
진실로,truly
촛불,Candlelight
출퇴근,commute
치과,Dentist
테스트,test
통역,translate
퇴근하다,leave work
표시하다,Denote
피로하다,tired
하,under
한데,But
혼잣말,soliloquy
화나다,angry
효도하다,be filial
힘없이,helplessly
가로,width
갈아타다,transfer
건넌방,across the room
곧이어,Soon after
공기,air
굉장하다,It's awesome
그래서,so
기업인,businessman
긴장되다,to be nervous
깨끗해지다,become clean
낚싯대,fishing rod
남동생,younger brother
냇물,stream
단골,connexion
단맛,sweetness
담요,blanket
대,big
더러워지다,get dirty
데우다,warm up
도착,arrive
동그랗다,round
뛰어나오다,jump out
레저,leisure
로터리,roundabout
무덥다,It's hot
뭘,what
반대편,the other side
발바닥,sole
발톱,toenail
밝아지다,become brighter
밤새다,all night long
부잣집,rich family
분명해지다,become clear
사진기,camera
산길,mountain path
상추,Lettuce
섭씨,Celsius
소시지,sausage
쇼핑,shopping
수업,class
스케줄,schedule
스키,ski
시외,out of town
심각해지다,get serious
싹,bud
씻기다,wash
안심하다,feel safe
약,approximately
약수,measure
약품,medicine
양배추,cabbage
양보,concession
양옆,both sides
얕다,shallow
어두워지다,get dark
어쩜,How
엊그제,Yesterday
여고생,High school girls
여왕,Queen
연기되다,postponed
열,heat
예약,reservation
올라타다,get on
운동화,running shoes
이곳저곳,here and there
이다음,Next
일회용품,disposable products
읽히다,get to read
잡수다,It's a joke
장사꾼,merchant
저런,Like that
점심때,At lunch
주일,weekend
즐거워하다,be happy
집중하다,Concentrate upon
짜다,salty
짜증스럽다,It's annoying
천재,genius
초등학교,elementary school
초보,beginner
초여름,early summer
초저녁,early evening
충돌하다,collide
코트,coat
피곤,tired
학비,School expenses
해,sun
해외여행,Overseas Travel
효자,filial son
감소되다,decrease
강변,riverside
공연되다,performed
공휴일,holiday
괴로워하다,suffer
교시,period
그리로,There
까먹다,forget
깜빡,Flash
깡패,bully
꾸다,dream
낚시꾼,angler
다양해지다,become diverse
대중교통,public transport
데려오다,bring
등록하다,It is registered
뛰놀다,run around
뛰어오다,jump
라켓,racket
리터,liter
마요네즈,mayonnaise
마흔,forty
만세,hurray
만화가,cartoonist
맘대로,As you like
머리말,preface
면접,interview
명함,Business card
몸속,Inside the body
무책임하다,irresponsible
반짝거리다,twinkle
밤새우다,stay up all night
번지,address
볼펜,pen
빨간색,Red
사립,private
사생활,privacy
사이사이,Between
사자,lion
새소리,birdsong
생활수준,standard of living
서툴다,clumsy
석사,master
성당,Cathedral
속마음,inner thoughts
손잡다,join hands
숙녀,Lady
순하다,gentle
시댁,in-laws
시부모,parents-in-law
신체적,physical
실수하다,Make a mistake
쓴맛,bitter
야옹,Meow
얼마간,somewhat
올여름,this summer
외제,foreign product
외출하다,go out
욕하다,swear
위아래,up and down
음반,record
의논,discuss
이,this
이래서,This is why
이발소,barbershop
자살하다,commit suicide
자연적,natural
장례식,funeral
재수,Lucky luck
재작년,the year before last
재채기,sneeze
전구,bulb
전문점,specialty store
전통문화,traditional culture
정거장,station
존댓말,Polite word
주전자,kettle
지우다,erase
찬성,agree
초보자,Beginner
초청장,invitation
촌스럽다,It's tacky
카레,Curry
컨디션,Condition
코스모스,Cosmos
킬로,kilo
토론자,debater
튼튼히,Strongly
티셔츠,t-shirt
페인트,Paint
평상시,normally
학교생활,school life
한둘,one or two
해물,seafood
형,brother
혼나다,be scolded
가만,wait
감정적,emotional
강북,Gangbuk
거리,distance
고무신,rubber shoes
고춧가루,chili powder
관람,Preview
교외,suburbs
교육비,education expenses
국립,establishment
금,gold
기억되다,remembered
까다,hatch
꽃씨,flower seeds
꾸준하다,steady
난방,heating
내용물,contents
녹화,recording
농구,basketball
달다,Sweet
뒷골목,back street
들어주다,listen
디자이너,designer
따로따로,Separately
뛰어나가다,run out
뛰어놀다,run around
라이벌,rival
매번,every time
먹다,eat
무관심하다,indifferent
무사하다,safe
밤낮,night and day
배구,volleyball
번역하다,Translate into
병아리,chick
부지런하다,diligent
부피,volume
비기다,compare to
생활용품,Household goods
선풍기,fan
세로,length
섹시하다,Sexy
소비하다,spend
수리하다,Repair
스물,twenty
식료품,grocery
식히다,cool down
싫어지다,dislike
씻기다,wash
얼리다,freeze
여직원,female employee
열리다,open
옆방,next room
오피스텔,Officetels
올가을,this fall
와이셔츠,dress shirt
원피스,one piece
윗사람,superior
이민,immigrant
이성,Sane
이혼하다,divorce
인제,Inje
입사하다,join
재우다,load with
전시되다,be on display
졸리다,Sleepy
졸음,drowsiness
종이컵,paper cup
주문,order
지능,Intellect
쩔쩔매다,be embarrassed
철,steel
청바지,jeans
추가되다,added
치료법,cure
치우다,clean up
코끼리,elephant
콘서트,concert
큰소리,loudly
큰아들,eldest son
특급,Express
평일,weekday
풀어지다,be released
한겨울,midwinter
한평생,a lifetime
해수욕장,Beach
핸드폰,cell phone
허허,haha
호실,room
휴지통,trash can
흐려지다,blur
희망하다,I hope
힘들어하다,have a hard time
강의하다,lecture
걱정되다,worried about
공연하다,perform
내과,medicine
넷째,fourth
된장찌개,soy bean paste soup
목걸이,necklace
무지개,rainbow
문법,grammar
볶음,stir-fry
볼링,Bowling
비둘기,pigeon
생활비,living expenses
스키장,ski resort
시대적,period
쓰다,write
앞문,front door
인도,India
책방,bookstore
추가하다,add
칠판,blackboard
크리스마스,christmas
탁구,Ping-pong
현대적,modern
구,nine
나흘,four days
늦가을,late fall
다이어트,diet
목요일,thursday
못생기다,ugly
영화관,Cinema
예술적,artistic
장모,Mother-in-law
중국집,Chinese restaurant
지우개,eraser
지하도,underpass
튀김,fried food
고궁,old palace
고속버스,Express Bus
단추,button
대중적,popular
뚱뚱하다,Fat
미역,Seaweed
반말,Speak informally
분홍색,pink
사,buy
소포,package
손녀,Granddaughter
수영장,swimming pool
아래층,Downstairs
일본어,Japanese
작은아버지,uncle
잠옷,Pajamas
장갑,Gloves
초순,early
퇴원하다,discharge from hospital
하순,late
갈비,rib
기혼,married
도장,stamp
동물원,Zoo
모레,day after tomorrow
삼계탕,Samgyetang
생신,birthday
서른,thirty
시내버스,city ​​bus
아홉,nine
예약하다,reserve
우표,stamp
장미,rose
천둥,Thunder
퇴원,Discharge
파란색,blue
게으르다,lazy
기념품,souvenir
냉면,Cold noodles
단풍,Maple
독일어,German
떡볶이,tteokbokki
문학적,literary
미끄럽다,slippery
복숭아,peach
비빔밥,bibimbap
여든,eighty
외아들,only son
이따가,later
일흔,seventy
장인,master
화요일,tuesday
강아지,puppy
닷새,five days
동서남북,north south east west
선물하다,present
아이스크림,ice cream
외할아버지,My mother's father
요리하다,Cook
입국,Entrance
주차,parking
체육관,gym
최소,Ieast
칠,seven
칼국수,Kalguksu
큰아버지,uncle
홍차,black tea
국민적,national
국제선,international
다섯째,fifth
동양인,an Asian
맛없다,not delicious
백,hundred
사십,Fourty
안과,Ophthalmology
연락처,contact
연세,age
예식장,wedding hall
월세,monthly
위층,upstairs
인삼차,Ginseng tea
진찰,examination
초록색,green
축구공,soccer ball
큰딸,eldest daughter
팔,eight
결석,absent
김치찌개,kimchi soup
녹차,green tea
독감,flu
만두,dumpling
발음하다,pronounce
보라색,purple
복습하다,review
스케이트,skate
실례하다,Excuse me
여섯,six
연두색,light green
온돌,On-dol
육,six
일곱,seven
출입국,Immigration
클래식,classic
팝송,pop song
팩스,fax
국내선,Domestic flights
떡국,tteokguk
복습,review
삼십,thirty
성함,name
세탁소,laundry
시외버스,intercity bus
야구장,Baseball Stadium
오십,fifty
운동복,Sportswear
작은아들,younger son
잠자리,dragonfly
주차하다,park
중국어,chinese
청소기,vacuum cleaner
칠십,seventy
필통,pencilcase
학생증,Student ID
형수,Sister-in-law
공항버스,airport bus
관광버스,tour bus
그저께,Day before yesterday
냉방,cooling
눈병,eye disease
다섯째,fifth
배추김치,Kimchi
사탕,candy
색연필,color pencil
소아과,Pediatrics
양력,solar calendar
예순,sixty
오,oh
작은어머니,uncle
축구장,soccer field
한글날,Hangul Day
한식,Korean
넉,four
메일,mail
복사기,copy machine
빗,comb
설렁탕,Sullungtang
아드님,son
천,cloth
결석하다,be absent
기념일,Anniversary
까만색,black
내후년,next year
따님,Daughter
쉰,hoarse
시아버지,Father in law
식품점,grocery store
약혼녀,fiancee
어저께,yesterday
영상,video
예매하다,Reserve
예습,Preview
예습하다,preview
육십,sixty
출석하다,attend
큰어머니,eldest mother
팔십,eighty
멍멍,Woof woof
분필,chalk
약혼자,fiance
양식,form
억,100 million
여덟,eight
외과,surgery
제과점,bakery
중식,Chinese food
케첩,ketchup
편의점,convenience store
갈비탕,Galbitang
검정색,black
미용실,Salon
아흔,ninety
이십,Twenty
일식,Japanese
작은딸,younger daughter
저곳,over there
초등학생,Elementary student
하얀색,White
